unique_cards,stats_cost_ratio,spell,minion,hero,weapon,pirate,elemental,demon,totem,dragon,murloc,mechanical,beast,class_card,cost_1_or_less,cost_2,cost_3,cost_4,cost_5,cost_6,cost_7_or_more,no_of_high_rules,no_of_medium_rule,no_of_low_rule,average_card_winrate
18,1.7209302325581395,15,13,0,2,5,0,0,0,0,0,1,0,22,8,4,10,4,4,0,0,1023,10,1,51.973156752376866,61.65
17,1.829268292682927,15,13,0,2,5,0,0,0,0,0,0,0,22,9,4,11,4,2,0,0,1023,10,1,52.328176411500415,61.22
17,1.829268292682927,15,13,0,2,5,0,0,0,0,0,0,0,22,8,6,9,4,3,0,0,1023,10,1,53.375772197184766,61.1
18,1.829268292682927,15,13,0,2,5,0,0,0,0,0,0,0,22,9,3,11,4,3,0,0,1023,10,1,52.357328221508254,61.02
19,1.6724137931034482,14,15,0,1,2,0,0,0,0,0,1,1,24,6,5,7,5,2,5,0,127,9,1,49.66516921493174,60.95
18,1.880952380952381,14,14,0,2,5,0,0,0,0,0,0,0,21,10,4,9,4,3,0,0,1023,10,1,52.70379091682189,60.9
17,1.8372093023255813,13,15,0,2,5,0,0,0,0,0,0,0,20,10,4,9,4,3,0,0,1023,10,1,52.253786460049724,60.89
18,1.8604651162790697,14,14,0,2,5,0,0,0,0,0,0,0,21,8,6,9,4,3,0,0,1023,10,1,52.92664872119142,60.8
18,1.711111111111111,14,14,0,2,5,0,0,0,0,0,0,2,22,10,5,7,4,3,1,0,1023,10,1,52.54485919455218,60.77
18,1.829268292682927,15,13,0,2,5,0,0,0,0,0,0,0,22,9,4,10,4,2,0,1,1023,10,1,52.42884561560259,60.77
17,1.930232558139535,13,15,0,2,5,0,0,0,0,0,0,0,20,10,4,9,4,3,0,0,1023,10,1,52.76685232353916,60.75
18,1.7358490566037736,13,15,0,2,5,0,0,0,0,0,1,0,20,8,4,9,4,4,0,1,1023,10,1,52.48472426004181,60.72
18,1.6785714285714286,11,17,0,2,5,0,0,0,0,0,1,2,19,6,6,9,4,4,1,0,1023,10,1,52.19122096222035,60.63
17,1.6585365853658536,6,22,0,2,7,0,0,0,0,0,1,4,23,4,6,9,6,1,3,1,31,7,0,48.86703691534434,60.46
19,1.7704918032786885,12,16,0,2,6,0,0,0,0,0,0,0,22,5,4,9,7,3,1,1,1023,10,1,52.24207365409403,60.36
18,1.6666666666666667,13,15,0,2,5,0,0,0,0,0,3,0,21,8,4,9,4,4,1,0,255,9,1,52.02491023720536,60.36
18,1.7307692307692308,13,15,0,2,5,0,0,0,0,0,1,0,21,8,4,9,4,4,1,0,1023,10,1,52.591812098026786,60.3
18,1.8032786885245902,10,18,0,2,5,0,0,0,0,0,0,3,24,4,6,9,8,2,1,0,1023,10,1,51.725745119123374,60.28
18,1.829268292682927,15,13,0,2,5,0,0,0,0,0,0,0,22,9,4,10,4,3,0,0,1023,10,1,52.46601090877996,60.26
18,1.7708333333333333,13,15,0,2,5,0,0,0,0,0,1,0,20,8,5,9,4,4,0,0,1023,10,1,52.3586141322776,60.24
18,1.803921568627451,13,15,0,2,6,0,0,0,0,0,0,0,22,8,4,9,5,3,1,0,1023,10,1,52.76795785270577,60.19
17,1.8888888888888888,13,15,0,2,5,0,0,0,0,0,0,0,20,8,6,9,4,3,0,0,1023,10,1,52.47752524519807,60.17
19,1.803921568627451,12,16,0,2,5,0,0,0,0,0,0,1,20,8,5,9,4,3,1,0,1023,10,1,52.73763040325425,60.16
17,1.829268292682927,15,13,0,2,5,0,0,0,0,0,0,0,22,8,4,11,4,3,0,0,1023,10,1,52.291292307455294,60.14
20,1.6036036036036037,4,26,0,0,6,5,0,0,0,0,1,0,13,6,1,7,5,5,3,3,15,4,0,50.40218337013849,60.11
18,1.829268292682927,15,13,0,2,5,0,0,0,0,0,0,0,22,8,5,10,4,3,0,0,1023,10,1,52.83353225232003,60.07
18,1.7407407407407407,11,17,0,2,5,0,0,0,0,0,1,0,19,8,4,9,4,4,1,0,1023,10,1,51.882535355657375,60.04
18,1.8604651162790697,14,14,0,2,5,0,0,0,0,0,0,0,21,8,5,10,4,3,0,0,1023,10,1,52.38440877632669,60.03
17,1.6031746031746033,11,17,0,2,5,0,0,0,0,0,2,2,24,4,4,11,6,3,2,0,511,10,1,51.65411031861494,59.94
18,1.8222222222222222,14,14,0,2,6,0,0,0,0,0,0,0,22,9,4,9,5,3,0,0,1023,10,1,52.61636201940986,59.9
18,1.8085106382978724,14,14,0,2,5,0,0,0,0,0,0,0,22,8,5,9,4,3,1,0,1023,10,1,53.1598466869406,59.89
18,1.8333333333333333,12,16,0,2,4,0,0,0,0,0,0,2,26,5,6,9,8,1,1,0,1023,10,1,51.44901970212787,59.88
17,1.8653846153846154,12,16,0,2,5,0,0,0,0,0,0,2,24,6,6,8,8,2,0,0,1023,10,1,51.493467691422474,59.85
18,1.7755102040816326,13,15,0,2,5,0,0,0,0,0,0,1,21,8,5,9,4,3,1,0,1023,10,1,52.75319662165457,59.78
18,1.7450980392156863,12,16,0,2,5,0,0,0,0,0,0,2,20,8,5,9,4,3,1,0,1023,10,1,52.78010381396157,59.75
19,1.8571428571428572,13,15,0,2,5,0,0,0,0,0,0,0,19,10,4,9,4,3,0,0,1023,10,1,52.02529345662707,59.71
18,1.8571428571428572,11,17,0,2,5,0,0,0,0,0,0,2,24,5,5,10,8,2,0,0,1023,10,1,51.73090031727812,59.67
19,1.8085106382978724,14,14,0,2,5,0,0,0,0,0,0,0,22,8,4,10,4,3,1,0,1023,10,1,52.456439895918614,59.55
18,1.8604651162790697,14,14,0,2,5,0,0,0,0,0,0,0,21,9,5,9,4,3,0,0,1023,10,1,52.55912737765134,59.54
18,1.7777777777777777,12,16,0,2,4,0,0,0,0,0,0,3,26,5,5,10,8,1,1,0,1023,10,1,51.38281042556347,59.53
17,1.829268292682927,15,13,0,2,5,0,0,0,0,0,0,0,22,10,4,9,4,3,0,0,1023,10,1,52.64072951010462,59.51
18,1.825,15,13,0,2,5,0,0,0,0,0,0,0,23,9,4,10,5,2,0,0,1023,10,1,52.19182519339669,59.48
18,1.7962962962962963,13,15,0,2,5,0,0,0,0,0,0,0,21,8,4,9,4,3,1,1,1023,10,1,52.836833338711465,59.44
18,1.8604651162790697,14,14,0,2,5,0,0,0,0,0,0,2,23,9,5,9,4,3,0,0,1023,10,1,52.297283999072334,59.41
18,1.8085106382978724,14,14,0,2,5,0,0,0,0,0,0,0,22,8,4,10,4,3,1,0,1023,10,1,52.61760674207587,59.39
19,1.7678571428571428,12,16,0,2,5,0,0,0,0,0,0,3,25,5,6,8,8,2,1,0,1023,10,1,51.703103153826014,59.34
17,1.8727272727272728,11,17,0,2,5,0,0,0,0,0,0,2,24,5,6,9,8,2,0,0,1023,10,1,51.53167587512016,59.34
18,1.836734693877551,13,15,0,2,5,0,0,0,0,0,0,0,21,8,5,9,4,3,1,0,1023,10,1,52.71072321094726,59.3
17,1.8679245283018868,11,17,0,2,7,0,0,0,0,0,0,2,22,6,4,9,8,3,0,0,511,9,1,52.222472291978725,59.3
18,1.8604651162790697,14,14,0,2,5,0,0,0,0,0,0,0,21,8,4,11,4,3,0,0,1023,10,1,52.27572608905498,59.26
18,1.709090909090909,13,15,0,2,7,0,0,0,0,0,1,2,20,6,4,7,8,4,0,1,255,9,1,51.63695338834415,59.21
18,1.829268292682927,15,13,0,2,5,0,0,0,0,0,0,0,22,9,5,9,4,3,0,0,1023,10,1,53.00825085364469,59.14
18,1.8222222222222222,14,14,0,2,6,0,0,0,0,0,0,0,22,9,4,10,5,2,0,0,1023,10,1,52.47852752213032,59.1
17,1.75,12,16,0,2,5,0,0,0,0,0,1,2,25,6,4,9,8,3,0,0,1023,10,1,51.49436689465295,59.06
17,1.8541666666666667,13,15,0,2,4,0,0,0,0,0,0,2,26,7,5,9,8,1,0,0,1023,10,1,51.52462662904217,59.06
18,1.7692307692307692,15,15,0,0,2,0,0,0,0,0,0,3,25,6,6,9,6,1,1,1,127,10,1,49.958823643450536,59.05
18,1.76,13,15,0,2,5,1,0,0,0,0,0,0,21,9,4,9,3,5,0,0,255,10,1,52.18407386520102,58.95
18,1.7818181818181817,13,15,0,2,5,0,0,0,0,0,0,2,25,5,5,9,8,2,1,0,1023,10,1,51.66731324088252,58.93
19,1.8085106382978724,14,14,0,2,5,0,0,0,0,0,0,0,22,9,3,10,4,3,1,0,1023,10,1,52.68364265612883,58.85
17,1.8541666666666667,13,15,0,2,4,0,0,0,0,0,0,2,26,6,6,9,8,1,0,0,1023,10,1,51.297423868831956,58.85
18,1.849056603773585,12,16,0,2,5,0,0,0,0,0,0,2,25,5,6,9,8,2,0,0,1023,10,1,51.547242093520474,58.82
18,1.744186046511628,15,13,0,2,5,0,0,0,0,0,0,1,23,10,3,9,4,3,1,0,1023,10,1,52.30058662770178,58.78
19,1.8214285714285714,12,16,0,2,5,0,0,0,0,0,0,0,20,7,5,9,4,3,1,1,1023,10,1,52.59406436010094,58.73
18,1.72,15,15,0,0,2,0,0,0,0,0,0,4,25,5,7,9,5,1,1,2,127,10,1,49.83253632096611,58.72
17,1.829268292682927,15,13,0,2,5,0,0,0,0,0,0,2,22,8,4,11,4,3,0,0,511,10,1,51.932740494700724,58.69
18,1.836734693877551,13,15,0,2,5,0,0,0,0,0,0,0,21,8,5,9,4,2,1,1,1023,10,1,52.67355791776989,58.68
18,1.8085106382978724,14,14,0,2,5,0,0,0,0,0,0,0,22,9,4,9,4,3,1,0,1023,10,1,52.50053648904842,58.67
18,1.84,13,15,0,2,5,0,0,0,0,0,0,0,20,8,5,9,4,3,0,1,1023,10,1,52.60363537296228,58.59
18,1.8085106382978724,14,14,0,2,5,0,0,0,0,0,0,0,22,9,4,10,4,2,1,0,1023,10,1,52.654490846120986,58.59
17,1.8541666666666667,13,15,0,2,4,0,0,0,0,0,0,2,26,7,5,9,8,1,0,0,1023,10,1,51.18228628780571,58.58
17,1.8461538461538463,12,16,0,2,6,0,0,0,0,0,0,2,23,7,4,9,8,2,0,0,511,10,1,51.43864871768428,58.51
17,1.8235294117647058,13,15,0,2,5,0,0,0,0,0,0,2,26,6,4,10,8,2,0,0,1023,10,1,51.52016153870204,58.47
18,1.6481481481481481,14,16,0,0,0,0,0,0,0,0,1,2,20,6,7,10,2,2,1,2,127,10,1,50.067249707587095,58.46
17,1.775,4,26,0,0,2,4,0,0,1,0,0,8,10,12,0,11,0,6,0,1,3,2,0,50.60046796937385,58.46
18,1.8305084745762712,11,17,0,2,5,0,0,0,0,0,0,2,25,5,5,9,8,2,1,0,1023,10,1,51.66706282174075,58.4
19,1.8604651162790697,14,14,0,2,5,0,0,0,0,0,0,0,21,9,4,10,4,3,0,0,1023,10,1,52.45044469037964,58.4
18,1.8085106382978724,14,14,0,2,5,0,0,0,0,0,0,0,22,9,4,9,4,3,1,0,1023,10,1,52.79232534340053,58.38
17,1.7758620689655173,10,18,0,2,4,0,0,0,0,0,0,4,24,4,7,9,8,1,1,0,1023,10,1,51.43679817268891,58.37
18,1.849056603773585,12,16,0,2,5,0,0,0,0,0,0,2,25,5,5,10,8,2,0,0,1023,10,1,51.438559406248764,58.35
19,1.8214285714285714,12,16,0,2,5,0,0,0,0,0,0,0,20,8,4,9,4,3,1,1,1023,10,1,52.82126712031115,58.32
18,1.8095238095238095,15,13,0,2,4,0,0,0,0,0,0,0,23,9,4,10,4,2,1,0,1023,10,1,52.36778851738735,58.31
18,1.8181818181818181,11,17,0,2,5,0,0,0,0,0,0,3,24,5,6,9,8,2,0,0,1023,10,1,51.57414928582747,58.24
17,1.8541666666666667,13,15,0,2,4,0,0,0,0,0,0,2,26,6,5,10,8,1,0,0,1023,10,1,51.188741181560246,58.22
18,1.7413793103448276,11,17,0,2,5,0,0,0,0,0,0,2,19,6,6,9,4,3,1,1,1023,10,1,52.43624220290504,58.2
17,1.816326530612245,13,15,0,2,7,0,0,0,0,0,0,0,22,8,4,9,6,3,0,0,1023,10,1,52.5919945287151,58.19
18,1.7959183673469388,14,14,0,2,4,0,0,0,0,0,0,0,22,9,4,9,4,2,1,1,1023,10,1,52.587015114022954,58.18
19,1.8113207547169812,13,15,0,2,5,0,0,0,0,0,0,0,20,8,5,8,4,3,1,1,1023,10,1,52.71702302256052,58.16
19,1.5849056603773586,4,26,0,0,7,3,0,0,0,0,1,0,14,8,1,5,6,4,3,3,15,4,0,50.78835210997285,58.15
18,1.75,11,17,0,2,4,0,0,0,0,0,0,4,24,5,6,9,8,1,1,0,1023,10,1,51.454053786748446,58.05
18,1.8314606741573034,3,27,0,0,2,8,1,0,1,0,0,5,7,11,0,9,0,7,0,3,3,2,0,50.53247611821011,58.0
19,1.8297872340425532,14,14,0,2,5,0,0,0,0,0,0,1,22,10,3,9,4,3,0,1,1023,10,1,52.31244460074934,57.98
18,1.6071428571428572,13,15,0,2,5,0,0,0,0,0,1,2,21,6,6,7,6,4,1,0,511,9,1,51.982755301766865,57.95
17,1.8131868131868132,3,27,0,0,2,8,2,0,1,0,0,5,7,10,0,10,0,7,0,3,3,2,0,50.40381664185184,57.91
17,1.7884615384615385,11,17,0,2,4,0,0,0,0,0,0,4,24,5,7,9,8,1,0,0,1023,10,1,51.28520233939299,57.88
17,1.8775510204081634,12,16,0,2,5,0,0,0,0,0,0,2,25,7,5,9,8,1,0,0,1023,10,1,51.56628378487647,57.86
17,1.849056603773585,12,16,0,2,5,0,0,0,0,0,0,2,25,6,5,9,8,2,0,0,1023,10,1,51.61327800757343,57.81
17,1.7959183673469388,14,14,0,2,5,0,0,0,0,0,0,2,25,6,5,9,8,2,0,0,1023,10,1,51.515717407586614,57.8
18,1.8125,14,14,0,2,5,0,0,0,0,0,0,0,21,8,4,10,4,3,0,1,1023,10,1,52.510518904090894,57.8
17,1.82,12,16,0,2,4,0,0,0,0,0,0,3,25,6,6,9,8,1,0,0,1023,10,1,51.324331061138956,57.74
18,1.8305084745762712,11,17,0,2,5,0,0,0,0,0,0,2,25,4,5,9,8,3,1,0,1023,10,1,51.72798973682422,57.7
18,1.829268292682927,15,13,0,2,5,0,0,0,0,0,0,0,22,10,3,10,4,3,0,0,1023,10,1,52.53204682283292,57.68
18,1.6666666666666667,4,24,0,2,7,4,2,2,2,2,3,2,17,8,1,7,7,4,2,1,7,2,0,48.62710874242571,57.68
18,1.9090909090909092,13,15,0,2,5,0,0,0,0,0,0,0,20,9,5,9,4,3,0,0,1023,10,1,52.62218878436862,57.66
18,1.836734693877551,13,15,0,2,5,0,0,0,0,0,0,0,21,9,5,9,4,2,1,0,1023,10,1,52.74760731499237,57.66
18,1.8636363636363635,14,14,0,2,5,1,0,0,0,0,0,0,21,9,4,10,4,3,0,0,255,10,1,52.144625741737556,57.63
19,1.6875,13,15,0,2,5,0,0,0,0,0,0,1,21,8,4,12,2,4,0,0,511,10,1,52.092187782587,57.62
19,1.5344827586206897,13,17,0,0,0,2,0,0,0,0,1,0,20,7,5,8,4,5,0,1,31,9,1,49.83147245670148,57.59
18,1.74,15,15,0,0,1,0,0,0,0,0,0,4,24,5,7,9,5,1,1,2,127,10,1,49.87001301517685,57.56
18,1.8113207547169812,13,15,0,2,5,0,0,0,0,0,0,2,25,4,7,7,8,3,1,0,511,9,1,51.51950154132295,57.48
16,1.88,12,16,0,2,4,0,0,0,0,0,0,2,25,6,6,9,8,1,0,0,1023,10,1,51.28185765043164,57.47
17,1.75,11,17,0,2,4,0,0,0,0,0,0,4,25,5,6,9,8,1,1,0,1023,10,1,51.51840030514217,57.47
19,1.7962962962962963,13,15,0,2,5,0,0,0,0,0,0,2,25,6,4,9,8,2,1,0,1023,10,1,51.569202669906545,57.45
18,1.8085106382978724,14,14,0,2,5,0,0,0,0,0,0,0,22,8,3,11,4,3,1,0,1023,10,1,52.50892405480417,57.43
18,1.8735632183908046,3,27,0,0,3,8,0,0,1,0,0,5,6,12,0,8,0,7,0,3,3,2,0,50.95452675715974,57.4
17,1.8541666666666667,13,15,0,2,4,0,0,0,0,0,0,2,26,6,5,9,8,2,0,0,1023,10,1,51.3265756788398,57.4
17,1.8235294117647058,13,15,0,2,5,0,0,0,0,0,0,2,26,6,4,9,8,3,0,0,1023,10,1,51.65799603598158,57.35
18,1.8305084745762712,11,17,0,2,5,0,0,0,0,0,0,2,25,5,5,9,8,2,1,0,1023,10,1,51.764873840869335,57.35
19,1.7796610169491525,11,17,0,2,5,0,0,0,0,0,0,3,24,5,5,9,8,2,1,0,1023,10,1,51.743000733182924,57.33
19,1.7540983606557377,11,17,0,2,5,0,0,0,0,0,1,0,19,6,5,9,4,4,1,1,1023,10,1,52.23238426856993,57.3
18,1.8604651162790697,14,14,0,2,5,0,0,0,0,0,0,0,21,10,4,9,4,3,0,0,1023,10,1,52.625163291704304,57.29
19,1.6195652173913044,8,22,0,0,4,2,0,0,0,0,0,1,10,2,11,0,10,0,5,2,3,2,0,49.05244926572609,57.24
17,1.675,8,22,0,0,4,2,0,0,0,0,0,2,10,2,14,0,10,0,4,0,3,2,0,48.22943715101501,57.24
19,1.596774193548387,13,17,0,0,0,2,0,0,0,0,1,0,22,7,5,8,4,4,1,1,63,10,1,49.808137170871355,57.23
17,1.8235294117647058,13,15,0,2,5,0,0,0,0,0,0,2,26,6,5,9,8,2,0,0,1023,10,1,51.628844225973744,57.22
20,1.5818181818181818,4,26,0,0,6,5,0,0,0,0,1,1,13,6,1,8,4,5,3,3,15,4,0,49.979765676125574,57.17
19,1.6296296296296295,4,26,0,0,7,5,0,0,0,0,1,0,12,6,1,9,4,4,3,3,15,4,0,50.08652607591136,57.1
19,1.836734693877551,13,15,0,2,5,0,0,0,0,0,0,0,21,8,4,10,4,3,1,0,1023,10,1,52.602040523675555,57.08
18,1.8333333333333333,12,16,0,2,4,0,0,0,0,0,0,2,26,5,5,9,8,2,1,0,1023,10,1,51.47817151213571,57.03
18,1.8035714285714286,11,17,0,2,4,0,0,0,0,0,0,3,25,5,6,9,8,1,1,0,1023,10,1,51.47592689443487,57.02
19,1.6271186440677967,14,16,0,0,0,3,0,0,0,0,1,0,22,7,5,7,4,4,1,2,63,10,1,49.903791863247434,57.02
19,1.625,14,16,0,0,0,2,0,0,0,0,1,0,23,7,5,8,4,5,0,1,63,10,1,49.82610064596847,57.0
17,1.775,4,26,0,0,2,4,0,0,1,0,0,8,10,10,0,13,0,6,0,1,3,2,0,49.33200987435237,57.0
19,1.6595744680851063,15,13,0,2,4,0,0,0,0,0,0,2,24,7,6,8,5,3,1,0,1023,10,1,51.8740891844967,56.97
19,1.7962962962962963,13,15,0,2,5,0,0,0,0,0,0,2,25,6,5,8,8,2,1,0,1023,10,1,51.677885357178255,56.94
17,1.8505747126436782,3,27,0,0,2,8,2,0,1,0,0,5,7,11,0,10,0,6,0,3,1,1,0,49.783151214889656,56.85
18,1.836734693877551,13,15,0,2,5,0,0,0,0,0,0,0,21,8,5,10,4,2,1,0,1023,10,1,52.57288871366771,56.79
19,1.9523809523809523,13,15,0,2,5,0,0,0,0,0,0,0,19,10,4,9,4,3,0,0,1023,10,1,52.538359320116506,56.76
17,1.5625,4,26,0,0,9,4,2,2,2,2,5,2,13,8,1,8,4,6,2,1,7,2,0,49.68638240050728,56.72
20,1.6666666666666667,16,14,0,0,1,0,0,0,0,0,1,2,22,8,8,7,2,2,1,2,63,9,1,48.482836202692404,56.65
18,1.7142857142857142,12,16,0,2,5,0,0,0,0,0,0,4,23,6,5,8,8,2,1,0,1023,10,1,51.68291944179884,56.64
19,1.576271186440678,13,17,0,0,0,2,0,0,0,0,1,0,21,7,5,9,4,5,0,0,63,10,1,49.861155450669806,56.64
18,1.5151515151515151,9,19,0,2,0,0,0,0,0,0,5,4,16,2,9,2,5,4,2,6,3,2,0,50.50351497204428,56.6
18,1.8409090909090908,14,14,0,2,4,0,0,0,0,0,0,0,22,9,5,9,4,2,1,0,1023,10,1,52.46090498625875,56.59
20,1.5803571428571428,4,26,0,0,6,5,0,0,0,0,1,1,13,6,1,7,4,6,3,3,15,4,0,50.235150559681514,56.58
19,1.793103448275862,11,17,0,2,5,0,0,0,0,0,0,3,24,5,6,8,8,2,1,0,1023,10,1,51.6875369354257,56.58
17,1.849056603773585,12,16,0,2,5,0,0,0,0,0,0,2,24,6,5,9,8,2,0,0,1023,10,1,51.5489314891797,56.57
19,1.7301587301587302,11,17,0,2,7,0,0,0,0,0,1,0,19,6,5,7,6,4,1,1,511,9,1,52.107232919785055,56.57
17,1.7924528301886793,11,17,0,2,4,0,0,0,0,0,0,4,25,5,7,9,8,0,1,0,511,9,1,50.75307133900945,56.51
19,1.7962962962962963,13,15,0,2,5,0,0,0,0,0,0,0,21,8,3,10,4,3,1,1,1023,10,1,52.728150651439755,56.51
17,1.8070175438596492,12,16,0,2,5,0,0,0,0,0,0,2,26,6,4,9,8,2,1,0,1023,10,1,51.84647597332261,56.47
16,1.6333333333333333,14,16,0,0,0,2,0,0,0,0,0,0,23,6,8,7,4,3,2,0,63,10,1,50.50429667589262,56.46
18,1.8333333333333333,12,16,0,2,4,0,0,0,0,0,0,2,26,5,5,10,8,1,1,0,1023,10,1,51.34033701485616,56.45
18,1.816326530612245,13,15,0,2,5,1,0,0,0,0,0,0,21,9,4,9,4,4,0,0,255,10,1,52.27577140515939,56.45
17,1.7735849056603774,12,16,0,2,4,0,0,0,0,0,1,2,25,6,5,9,8,2,0,0,1023,10,1,51.16294653751116,56.4
18,1.8125,12,16,0,2,5,2,0,0,0,0,0,0,18,9,4,10,4,3,0,0,255,10,1,52.318207039872235,56.39
19,1.3506493506493507,9,19,0,2,0,2,0,0,0,0,5,0,20,6,1,6,6,7,2,2,7,1,1,50.31935060659946,56.38
18,1.8085106382978724,14,14,0,2,5,0,0,0,0,0,0,0,22,9,4,9,4,3,1,0,1023,10,1,52.63115849724328,56.33
18,1.8125,14,14,0,2,5,0,0,0,0,0,0,0,21,9,4,9,4,3,0,1,1023,10,1,52.68523750541556,56.32
18,1.7872340425531914,13,15,0,2,5,2,0,0,0,0,1,0,19,10,4,8,4,4,0,0,255,10,1,52.13925053932269,56.31
18,1.849056603773585,12,16,0,2,5,0,0,0,0,0,0,2,25,5,5,9,8,3,0,0,1023,10,1,51.57639390352831,56.29
18,1.5735294117647058,12,18,0,0,0,2,0,0,0,0,1,0,21,7,5,8,4,4,2,0,63,10,1,49.827338988951624,56.29
17,1.8421052631578947,11,17,0,2,5,0,0,0,0,0,0,2,24,5,4,11,8,2,0,0,1023,10,1,51.93012475943608,56.28
18,1.8636363636363635,14,14,0,2,5,1,0,0,0,0,0,0,21,9,4,9,4,3,0,1,255,10,1,52.24529494583974,56.28
18,1.8352941176470587,3,27,0,0,3,4,1,0,2,0,0,5,7,11,0,9,0,9,0,1,3,2,0,50.28407223605244,56.2
17,1.5238095238095237,9,19,0,2,0,0,0,0,0,0,5,2,17,3,6,2,5,5,2,7,7,4,1,50.97837838654297,56.2
18,1.8235294117647058,13,15,0,2,4,0,0,0,0,0,0,0,21,8,5,9,4,2,1,1,1023,10,1,52.50541298156968,56.19
18,1.82,13,15,0,2,5,0,0,0,0,0,0,0,21,8,5,9,4,4,0,0,255,10,1,52.135541647374204,56.11
17,1.8333333333333333,12,16,0,2,4,0,0,0,0,0,0,2,26,6,5,9,8,1,1,0,1023,10,1,51.515055616180824,56.11
18,1.7419354838709677,11,17,0,2,5,0,0,0,0,0,1,2,23,4,4,9,8,4,1,0,511,9,1,51.76790687591777,56.1
17,1.75,15,13,0,2,4,0,0,0,0,0,0,2,27,6,4,9,8,2,1,0,1023,10,1,51.784546736916674,56.05
18,1.8070175438596492,12,16,0,2,5,0,0,0,0,0,0,2,26,5,4,9,8,3,1,0,1023,10,1,51.80959186927749,56.03
18,1.880952380952381,14,14,0,2,5,2,0,0,0,0,0,0,20,10,4,8,4,3,0,1,255,10,1,52.26571438747396,55.93
19,1.6862745098039216,15,15,0,0,0,3,0,0,0,0,1,0,23,7,6,8,4,4,0,1,63,10,1,49.52325873399041,55.89
19,1.8275862068965518,3,27,0,0,3,7,0,0,1,0,0,5,6,12,0,8,0,7,0,3,3,2,0,50.361954238811684,55.8
18,1.8269230769230769,15,15,0,0,2,0,0,0,0,0,0,2,25,6,6,9,6,1,1,1,127,10,1,49.91635023274323,55.77
18,1.8571428571428572,14,14,0,2,6,0,0,0,0,0,0,0,21,10,4,9,4,3,0,0,1023,10,1,52.56675855046888,55.7
19,1.8421052631578947,11,17,0,2,6,0,0,0,0,0,0,0,19,9,3,9,4,3,1,1,1023,10,1,52.81333207472836,55.67
17,1.4946236559139785,11,17,0,2,0,0,0,0,0,0,5,1,19,3,8,2,4,5,2,6,7,4,1,50.90837800776376,55.64
20,1.6055045871559632,4,26,0,0,6,5,0,0,0,0,1,0,13,6,1,8,5,4,3,3,15,4,0,50.14679848658255,55.63
19,1.836734693877551,13,15,0,2,5,0,0,0,0,0,0,0,21,9,4,9,4,3,1,0,1023,10,1,52.77675912500021,55.62
17,1.4470588235294117,8,20,0,2,5,0,0,0,0,0,11,0,17,4,2,9,8,4,3,0,127,8,1,50.21709649736447,55.57
17,1.8888888888888888,13,15,0,2,5,2,0,0,0,0,0,0,20,10,4,9,4,3,0,0,255,10,1,52.37797196839413,55.56
18,1.7818181818181817,13,15,0,2,5,0,0,0,0,0,0,2,25,6,3,10,8,2,1,0,1023,10,1,51.62466646766377,55.55
17,1.8444444444444446,13,15,0,2,4,2,0,0,0,0,0,0,21,10,4,9,4,3,0,0,255,10,1,52.08458080580279,55.54
18,1.8076923076923077,13,15,0,2,5,0,0,0,0,0,0,0,21,8,4,9,4,4,1,0,1023,10,1,52.65436890767467,55.51
19,1.5892857142857142,4,26,0,0,5,3,0,0,0,0,1,0,16,6,1,5,8,4,3,3,15,4,0,50.478953310100806,55.47
18,1.8214285714285714,12,16,0,2,5,0,0,0,0,0,0,2,25,6,5,8,8,2,1,0,1023,10,1,51.72666565717166,55.46
17,1.8717948717948718,15,13,0,2,5,2,0,0,0,0,0,0,20,10,4,9,4,3,0,0,127,9,1,51.95211839834944,55.4
18,1.7222222222222223,13,15,0,2,4,0,0,0,0,0,1,0,21,8,4,9,4,3,1,1,1023,10,1,52.386501868649205,55.38
18,1.84,12,16,0,2,5,2,0,0,0,0,0,0,20,9,4,9,4,4,0,0,255,10,1,52.32040493069353,55.38
16,1.6046511627906976,8,22,0,0,9,0,0,0,0,0,0,0,13,2,14,0,8,0,5,1,3,2,0,47.03096267860269,55.36
19,1.5535714285714286,14,16,0,0,0,2,0,0,0,0,1,0,21,7,5,8,4,5,0,1,31,9,1,49.74889786974964,55.35
17,1.8518518518518519,12,16,0,2,5,0,0,0,0,0,0,2,26,6,5,9,8,1,1,0,511,9,1,51.08114700718988,55.33
18,1.8888888888888888,13,15,0,2,5,2,0,0,0,0,0,0,20,9,4,9,4,3,0,1,255,10,1,52.28992847137388,55.29
17,1.7951807228915662,3,27,0,0,2,4,2,0,0,0,0,5,9,11,0,10,0,8,0,1,3,2,0,49.993631711571275,55.26
17,1.7307692307692308,14,16,0,0,2,0,0,0,0,0,0,4,24,6,5,11,4,1,1,2,127,10,1,50.18674356496542,55.19
19,1.7962962962962963,13,15,0,2,5,0,0,0,0,0,0,0,21,7,4,10,4,3,1,1,1023,10,1,52.50094789122955,55.18
19,1.596774193548387,13,17,0,0,0,2,0,0,0,0,1,0,22,7,5,8,4,5,1,0,63,10,1,49.84530246404873,55.05
18,1.8055555555555556,10,19,1,0,2,4,0,0,0,0,0,4,15,13,7,5,2,0,2,1,1,0,1,48.312406807950296,55.0
18,1.8235294117647058,13,15,0,2,5,0,0,0,0,0,0,2,25,6,4,10,8,2,0,0,1023,10,1,51.455815020308314,55.0
18,1.85,14,14,0,2,5,0,0,0,0,0,0,0,21,11,4,8,4,3,0,0,1023,10,1,52.76528150185017,54.99
18,1.6585365853658536,17,13,0,0,1,0,0,0,0,0,1,2,23,8,9,7,2,1,1,2,63,9,1,48.33512700015115,54.97
17,1.3623188405797102,11,17,0,2,0,2,0,0,0,0,5,0,18,6,5,5,6,5,2,1,7,4,1,50.57388788393086,54.96
18,1.7407407407407407,3,27,0,0,4,4,2,2,2,2,6,8,7,12,0,9,0,8,0,1,3,2,0,49.129544538126495,54.95
17,1.8372093023255813,15,13,0,2,5,0,0,0,0,0,0,0,22,8,4,11,4,3,0,0,255,10,1,51.91127951508099,54.95
18,1.7195121951219512,6,22,0,2,11,0,0,0,0,0,0,2,23,5,4,8,8,1,3,1,511,8,0,51.152021773510185,54.92
18,1.7708333333333333,13,15,0,2,5,2,0,0,0,0,0,0,20,10,4,7,5,4,0,0,127,9,1,52.312688414899704,54.91
17,1.8717948717948718,15,13,0,2,5,2,0,0,0,0,0,0,20,8,6,9,4,3,0,0,127,9,1,52.36482739311507,54.89
18,1.6101694915254237,13,17,0,0,0,2,0,0,0,0,1,0,22,7,5,9,4,5,0,0,63,10,1,49.96995509385748,54.79
17,1.4946236559139785,11,17,0,2,0,0,0,0,0,0,5,1,19,4,7,2,4,5,2,6,7,4,1,51.046033976867555,54.78
18,1.8297872340425532,13,15,0,2,5,2,0,0,0,0,0,0,20,10,4,8,4,4,0,0,255,10,1,52.296190846793614,54.76
18,1.6666666666666667,11,17,0,2,5,0,0,0,0,0,1,4,23,4,6,7,8,4,1,0,511,9,1,51.454404813016474,54.71
18,1.8070175438596492,12,16,0,2,5,0,0,0,0,0,0,2,25,6,4,9,8,2,1,0,1023,10,1,51.78212945492888,54.67
17,1.8823529411764706,11,19,0,0,4,0,0,0,0,0,0,4,19,8,7,8,6,1,0,0,31,8,0,47.95050210334191,54.64
19,1.8333333333333333,13,15,0,2,6,0,0,0,0,0,0,0,21,10,3,9,4,3,1,0,1023,10,1,52.78439029781774,54.63
18,1.775,14,14,0,2,5,2,0,0,0,0,0,0,18,10,4,11,2,3,0,0,255,10,1,52.20840608059375,54.62
18,1.5087719298245614,14,16,0,0,0,0,0,0,0,0,1,2,20,6,8,9,2,2,3,0,127,10,1,49.468841985324524,54.59
17,1.7906976744186047,13,15,0,2,5,2,0,0,0,0,0,0,18,10,4,11,2,3,0,0,255,10,1,52.4213328656161,54.58
19,1.6296296296296295,15,15,0,0,0,2,0,0,0,0,0,0,23,7,7,7,4,4,1,0,63,10,1,50.742650212804946,54.53
19,1.7678571428571428,12,16,0,2,5,0,0,0,0,0,0,3,24,6,5,8,8,2,1,0,1023,10,1,51.70479254948525,54.52
19,1.7962962962962963,13,15,0,2,5,0,0,0,0,0,0,0,21,9,3,9,4,3,1,1,1023,10,1,52.90286925276442,54.48
18,1.8305084745762712,11,17,0,2,5,0,0,0,0,0,0,2,25,6,5,9,7,2,1,0,1023,10,1,51.78574084979118,54.45
17,1.8837209302325582,16,12,0,2,5,0,0,0,0,0,0,2,29,8,3,10,7,1,0,1,15,1,1,48.7818997148418,54.44
18,1.8070175438596492,12,16,0,2,5,0,0,0,0,0,0,2,26,5,5,9,8,2,1,0,1023,10,1,51.78044005926965,54.41
18,1.7777777777777777,12,16,0,2,4,0,0,0,0,0,0,3,25,6,5,9,8,1,1,0,1023,10,1,51.49318250849441,54.37
18,1.4842105263157894,10,18,0,2,0,0,0,0,0,0,5,1,18,4,7,2,4,5,2,6,7,4,1,51.00585128302598,54.36
18,1.8235294117647058,13,15,0,2,5,0,0,0,0,0,0,2,25,6,5,9,8,2,0,0,1023,10,1,51.56449770758002,54.33
18,1.8478260869565217,15,13,0,2,5,0,0,0,0,0,0,2,29,8,3,10,7,1,0,1,15,1,1,48.815685713898894,54.27
17,1.7017543859649122,12,16,0,2,5,0,0,0,0,0,0,4,24,6,4,9,8,2,1,0,1023,10,1,51.80272975794979,54.23
18,1.7755102040816326,13,15,0,2,5,2,0,0,0,0,0,0,20,10,4,7,4,5,0,0,127,9,1,52.20041562539534,54.21
17,1.6285714285714286,11,19,0,0,12,0,0,0,0,0,0,0,20,4,11,0,9,0,5,1,7,4,1,47.407231326312555,54.21
19,1.5555555555555556,4,26,0,0,5,4,0,0,0,0,1,0,12,6,1,6,8,4,3,2,7,2,0,49.46642659499669,54.19
18,1.4845360824742269,10,18,0,2,0,0,0,0,0,0,5,2,18,3,8,2,5,4,2,6,7,4,1,50.749594540783114,54.16
17,1.5161290322580645,11,17,0,2,0,0,0,0,0,0,5,0,19,3,8,2,4,5,2,6,7,4,1,50.545152268572906,54.15
19,1.532258064516129,13,17,0,0,0,2,0,0,0,0,1,0,20,7,5,8,4,5,1,0,31,9,1,49.76809968782991,54.14
19,1.6379310344827587,12,16,0,2,5,0,0,0,0,0,1,2,20,5,7,7,6,4,1,0,511,9,1,51.57881947699909,54.1
17,1.7547169811320755,12,16,0,2,5,0,0,0,0,0,0,2,22,8,2,9,8,2,1,0,511,9,1,51.90212018131266,54.08
18,1.6666666666666667,16,14,0,0,0,2,0,0,0,0,1,0,24,7,8,7,4,4,0,0,63,10,1,50.42016742266103,53.98
18,1.880952380952381,14,14,0,2,5,2,0,0,0,0,0,0,20,10,4,9,4,3,0,0,255,10,1,52.16504518337178,53.91
18,1.7160493827160495,3,27,0,0,2,2,0,0,0,0,4,8,9,12,0,9,0,8,0,1,3,2,0,49.42217096477348,53.9
17,1.75,13,15,0,2,4,0,0,0,0,0,0,2,23,8,3,9,8,1,1,0,511,9,1,51.5862660425712,53.86
19,1.5892857142857142,14,16,0,0,0,2,0,0,0,0,1,0,22,7,5,8,4,5,0,1,63,10,1,49.857697512937314,53.86
18,1.75,13,15,0,2,4,0,0,0,0,0,0,3,25,5,4,11,8,1,1,0,1023,10,1,51.16100091990463,53.85
18,1.8958333333333333,12,16,0,2,5,3,0,0,0,0,0,0,19,9,4,10,4,3,0,0,255,10,1,52.128988517868876,53.84
19,1.8505747126436782,3,27,0,0,3,8,0,0,1,0,0,5,6,12,0,8,0,7,0,3,3,2,0,50.69799382541502,53.6
19,1.8305084745762712,11,17,0,2,5,0,0,0,0,0,0,2,25,4,6,9,7,3,1,0,1023,10,1,51.682820831693114,53.6
20,1.7450980392156863,15,13,0,2,5,0,0,0,0,0,0,0,24,8,4,8,5,3,1,1,1023,10,1,51.922883663663804,53.6
18,1.8181818181818181,13,15,0,2,5,0,0,0,0,0,0,2,25,4,7,7,8,2,1,1,255,8,1,50.88028270295444,53.58
17,1.6555555555555554,8,22,0,0,11,0,0,0,0,0,0,0,11,2,14,0,7,0,5,2,7,2,0,47.652281243544074,53.56
18,1.7115384615384615,15,15,0,0,0,0,0,0,0,0,0,2,21,6,7,7,2,3,3,2,127,10,1,49.46526834425736,53.48
19,1.619047619047619,17,13,0,0,1,0,0,0,0,0,1,1,22,8,8,8,2,1,1,2,63,9,1,48.475657639532464,53.47
19,1.7777777777777777,14,14,0,2,5,0,0,0,0,0,0,1,22,10,4,8,4,3,1,0,1023,10,1,52.39370309657317,53.44
18,1.6451612903225807,4,24,0,2,5,2,0,0,0,0,0,2,16,11,1,4,4,6,2,2,7,2,0,49.90240263887777,53.34
17,1.5148514851485149,10,18,0,2,0,0,0,0,0,0,5,2,18,3,5,4,4,5,2,7,7,4,1,50.58961804485998,53.33
17,1.8627450980392157,12,16,0,2,5,0,0,0,0,0,0,2,26,6,5,10,8,1,0,0,1023,10,1,51.47401918362319,53.3
19,1.8181818181818181,13,15,0,2,5,0,0,0,0,0,0,2,25,5,6,7,8,2,1,1,255,8,1,50.94631861700739,53.2
18,1.7413793103448276,13,15,0,2,5,0,0,0,0,0,1,0,18,8,4,7,4,6,1,0,127,9,1,52.519520932547074,53.1
17,1.8837209302325582,16,12,0,2,5,0,0,0,0,0,0,2,29,8,4,9,7,1,0,1,15,1,1,48.7384627954103,53.07
17,1.5148514851485149,10,18,0,2,0,0,0,0,0,0,5,2,18,3,6,2,5,5,2,7,7,4,1,50.59796882692399,53.07
17,1.6506024096385543,8,20,0,2,12,2,2,2,2,2,5,2,17,2,4,12,6,3,2,1,63,4,0,49.66476208156866,53.05
18,1.7681159420289856,10,20,0,0,16,0,0,0,0,0,0,0,17,6,6,8,5,1,3,1,31,9,1,48.882924398145335,53.02
19,1.6097560975609757,17,13,0,0,1,0,0,0,0,0,1,2,22,8,9,7,2,1,1,2,63,9,1,48.366723867119994,52.95
19,1.9423076923076923,13,17,0,0,3,0,0,0,0,0,0,2,24,6,8,9,4,2,1,0,127,10,1,50.49198140523871,52.91
18,1.7818181818181817,13,15,0,2,5,0,0,0,0,0,0,2,25,6,4,9,8,2,1,0,1023,10,1,51.733349154935475,52.78
17,1.5263157894736843,9,19,0,2,0,0,0,0,0,0,6,2,15,4,4,4,5,6,2,5,3,0,1,49.12052136161909,52.76
19,1.4158415841584158,4,26,0,0,0,2,0,0,0,0,1,3,15,6,1,7,8,6,1,1,3,1,0,48.801360450788884,52.63
17,1.8,11,17,0,2,4,0,0,0,0,0,0,4,24,5,7,8,8,1,1,0,511,6,1,51.235806861916814,52.58
18,1.7962962962962963,13,15,0,2,5,0,0,0,0,0,0,2,24,6,5,8,8,2,1,0,1023,10,1,51.61353883878452,52.43
18,1.8181818181818181,14,14,0,2,5,2,0,0,0,0,0,0,20,10,4,8,4,4,0,0,127,9,1,52.08326406177127,52.39
18,1.6785714285714286,14,16,0,0,0,2,0,0,0,0,1,1,23,6,4,8,5,5,0,2,63,10,1,49.26486706395757,52.35
18,1.8,11,18,0,1,4,0,0,0,0,0,0,4,20,8,4,8,5,2,1,2,255,10,1,50.71486076431961,52.27
18,1.8125,17,13,0,0,1,0,0,0,0,0,0,2,23,6,4,8,5,4,1,2,63,10,1,49.29266901195859,52.25
18,1.819277108433735,3,27,0,0,2,4,2,0,1,0,0,5,8,11,0,10,0,8,0,1,3,2,0,49.9811438266471,52.15
19,1.8297872340425532,14,14,0,2,5,0,0,0,0,0,0,0,20,10,3,8,4,3,0,2,1023,10,1,52.62344962014803,52.06
19,1.7826086956521738,14,15,0,1,7,0,0,0,0,0,0,0,21,10,7,7,2,4,0,0,127,9,1,51.865369273658146,51.93
18,1.4615384615384615,4,26,0,0,7,3,0,0,0,0,1,0,18,6,1,6,8,6,2,1,15,4,0,49.595215030905216,51.87
18,1.7118644067796611,15,15,0,0,2,0,0,0,1,0,1,0,23,6,7,7,2,3,2,3,63,9,1,49.68733196967166,51.82
18,1.72,4,24,0,2,6,8,0,0,0,0,0,0,14,8,1,6,6,4,2,3,7,3,0,49.61027117802719,51.76
18,1.490909090909091,13,15,0,2,0,0,0,0,0,0,0,4,23,6,7,7,6,2,1,1,255,10,1,49.60674606061327,51.67
18,1.84,13,15,0,2,5,0,0,0,0,0,0,2,23,6,5,8,8,3,0,0,511,10,1,51.441477285655075,51.6
19,1.6666666666666667,14,15,0,1,5,0,0,0,0,0,1,0,21,8,8,7,2,5,0,0,127,9,1,51.2679061243062,51.57
18,1.4456521739130435,4,26,0,0,2,3,0,0,0,0,1,2,13,8,1,6,8,6,1,0,15,4,0,50.16725482191113,51.29
19,1.697674418604651,16,14,0,0,1,0,0,0,0,0,1,2,22,8,8,7,3,1,1,2,63,9,1,48.35606075085825,51.28
18,1.5346534653465347,10,18,0,2,0,0,0,0,0,0,5,1,18,3,5,4,4,5,2,7,7,4,1,50.22639230566913,51.19
18,1.43,4,26,0,0,0,2,0,0,0,0,1,3,17,6,1,6,10,6,0,1,3,1,0,49.0705309938319,51.13
18,1.8235294117647058,13,15,0,2,5,0,0,0,0,0,0,2,25,6,4,9,8,3,0,0,1023,10,1,51.59364951758786,51.09
20,1.6363636363636365,17,13,0,0,1,0,0,0,0,0,1,1,22,8,8,7,2,2,1,2,127,10,1,49.089579422545405,51.01
20,1.6829268292682926,17,13,0,0,1,0,0,0,0,0,1,1,22,8,9,7,2,1,1,2,63,9,1,48.32425045641267,51.01
19,1.8,11,18,1,0,2,4,0,0,0,0,0,3,16,12,8,5,2,0,2,1,1,0,1,47.92370559101317,50.98
19,1.52,21,6,1,2,0,0,0,0,1,0,0,0,28,6,12,4,3,1,2,2,7,4,1,49.680985008803894,50.92
16,1.3492063492063493,11,17,0,2,0,2,0,0,0,0,5,0,19,6,6,5,6,5,2,0,7,4,1,50.67554737785727,50.9
17,1.8867924528301887,11,19,0,0,4,0,0,0,0,0,0,4,19,8,7,7,6,2,0,0,15,4,0,47.76676708523497,50.84
18,1.423913043478261,4,26,0,0,2,2,0,0,0,0,1,2,14,8,1,6,8,6,1,0,15,4,0,50.45771876465202,50.79
19,1.7413793103448276,14,14,0,2,5,0,0,0,0,0,0,1,25,5,4,9,8,2,1,1,1023,10,1,50.58085590187891,50.74
16,1.8867924528301887,11,19,0,0,4,0,0,0,0,0,0,4,20,8,7,7,6,2,0,0,7,3,0,47.100296544220654,50.7
17,1.8571428571428572,12,16,0,2,5,0,0,0,0,0,0,2,25,6,5,8,8,2,1,0,511,6,1,51.563882530097246,50.58
17,1.6333333333333333,14,16,0,0,0,2,0,0,0,0,0,0,23,8,5,7,4,4,2,0,63,10,1,49.921163079613734,50.5
18,1.8837209302325582,16,12,0,2,5,0,0,0,0,0,0,2,29,8,3,9,8,1,0,1,15,1,1,48.765784242279196,50.32
17,1.8979591836734695,13,15,0,2,5,2,0,0,0,0,0,0,18,10,4,7,4,5,0,0,127,9,1,52.85623739578348,50.13
16,1.7325581395348837,8,22,0,0,4,2,0,0,6,0,0,2,8,2,12,0,10,0,5,1,3,2,0,46.48236578727183,49.76
19,1.64,16,14,0,0,0,2,0,0,0,0,1,1,23,7,6,6,5,5,0,1,31,9,1,48.88491370409195,49.69
18,1.64,16,14,0,0,0,2,0,0,0,0,1,1,23,7,6,6,5,4,0,2,31,9,1,48.84774841091459,49.69
18,1.565217391304348,22,5,1,2,0,0,0,0,1,0,0,0,29,6,12,4,3,1,2,2,7,4,1,49.33859216278464,49.6
18,1.4210526315789473,6,24,0,0,0,2,0,0,0,0,1,4,19,8,1,6,8,5,0,2,3,1,0,48.637240577935735,49.18
18,1.6595744680851063,9,20,1,0,2,4,0,0,0,0,1,2,14,11,7,4,4,1,2,1,1,0,1,47.894533029606556,49.1
18,1.6666666666666667,10,19,1,0,2,4,0,0,0,0,1,4,14,13,6,5,2,1,2,1,1,0,1,48.504400563387115,49.01
18,1.6724137931034482,14,14,0,2,7,0,0,0,0,0,0,0,25,6,4,7,9,1,2,1,1023,10,1,50.150186510820824,48.98
20,1.7317073170731707,17,13,0,0,1,0,0,0,0,0,1,1,22,8,9,7,2,1,1,2,63,9,1,48.37206771545084,48.95
18,1.49,4,26,0,0,0,2,0,0,0,0,1,2,14,6,1,7,8,7,0,1,3,1,0,47.82258050879384,48.83
17,1.5625,14,15,1,0,0,1,0,0,0,0,1,0,24,5,4,6,6,3,2,4,15,5,1,48.6365906306373,48.8
19,1.565217391304348,22,5,1,2,0,0,0,0,1,0,0,0,29,6,12,4,3,1,2,2,7,4,1,49.46109002962338,48.8
17,1.8863636363636365,14,14,0,2,7,0,0,0,0,0,0,2,22,6,6,6,9,3,0,0,31,3,1,50.98867576705689,48.77
18,1.8461538461538463,12,16,0,2,6,0,0,0,0,0,0,2,23,6,5,9,8,2,0,0,511,10,1,51.35653876786653,48.47
18,1.565217391304348,22,5,1,2,0,0,0,0,1,0,0,0,29,6,12,4,3,1,2,2,7,4,1,49.74735866672321,48.21
19,1.52,21,6,1,2,0,0,0,0,1,0,0,0,28,5,13,4,3,1,2,2,7,4,1,48.73159020528167,48.08
17,1.875,19,9,0,2,4,0,0,0,0,0,0,2,30,8,5,6,9,0,1,1,15,4,1,48.3054346290519,48.05
18,1.53125,19,8,1,2,0,0,0,0,0,0,1,2,29,8,3,5,7,1,2,4,7,1,1,46.872956860095464,48.03
18,1.9272727272727272,13,17,0,0,2,0,0,0,0,0,0,4,23,8,2,7,7,2,2,2,31,4,1,49.25203794071929,47.99
20,1.6585365853658536,17,10,1,2,1,0,0,0,0,0,0,2,29,8,3,4,8,2,2,3,7,1,1,47.576607992857575,47.94
17,1.565217391304348,23,5,0,2,0,0,0,0,1,0,0,0,29,6,11,4,5,1,2,1,7,4,1,49.30958794046205,47.9
19,1.52,21,6,1,2,0,0,0,0,1,0,0,0,28,6,12,4,3,1,2,2,7,4,1,49.410581936177124,47.6
17,1.5238095238095237,23,4,1,2,0,0,0,0,1,0,0,0,29,6,12,4,3,1,2,2,7,4,1,49.536789138109675,47.59
17,1.565217391304348,23,5,0,2,0,0,0,0,1,0,0,0,29,6,13,4,3,1,2,1,7,4,1,49.452457513054135,47.58
19,1.7906976744186047,17,11,0,2,3,0,0,0,0,0,0,2,28,8,3,5,9,1,2,2,15,1,1,47.95629087611178,47.25
20,1.6511627906976745,16,14,0,0,1,0,0,0,0,0,1,2,21,8,9,7,2,1,1,2,63,9,1,48.47391492951309,47.06
17,1.702127659574468,17,12,0,1,2,0,0,0,0,0,0,2,25,6,6,4,9,0,4,1,7,4,1,47.56371325373672,47.04
19,1.52,21,6,1,2,0,0,0,0,1,0,0,0,28,6,11,4,3,1,2,3,7,4,1,49.37637748892985,46.9
17,1.7959183673469388,16,14,0,0,0,2,0,0,0,0,0,2,26,7,4,9,4,3,0,3,31,9,1,48.81243033617679,46.89
19,1.7,10,19,1,0,2,4,0,0,0,0,1,3,15,12,7,5,2,1,2,1,1,0,1,47.78734352932211,46.86
18,1.5961538461538463,15,15,0,0,2,0,0,0,0,0,0,3,27,7,4,9,6,1,1,2,63,9,1,48.30620347867141,46.8
18,1.864864864864865,19,10,0,1,5,0,0,0,0,0,0,2,29,9,4,6,8,1,0,2,7,0,1,48.74411356219402,46.75
18,1.565217391304348,23,5,0,2,0,0,0,0,1,0,0,0,29,6,13,4,3,1,2,1,7,4,1,49.166188875954305,46.72
20,1.558139534883721,17,10,1,2,1,0,0,0,0,0,1,1,28,8,3,3,7,3,2,4,7,1,1,47.59039523637852,46.64
18,1.565217391304348,22,5,1,2,0,0,0,0,1,0,0,0,29,6,12,4,3,1,2,2,7,4,1,49.583587896462106,46.62
17,1.5238095238095237,24,4,0,2,0,0,0,0,1,0,0,0,29,6,12,4,3,1,2,2,7,4,1,49.37145430745443,46.6
17,1.6666666666666667,19,8,1,2,0,0,0,0,0,0,0,2,30,8,3,6,7,0,2,4,7,1,1,47.11167828916689,46.22
21,1.5869565217391304,16,11,1,2,1,0,0,0,0,0,1,2,28,8,3,4,8,3,1,3,7,1,1,47.81012670257498,46.16
19,1.5535714285714286,16,14,0,0,2,0,0,0,0,0,1,3,24,7,5,8,5,2,3,0,63,9,1,49.322489041698965,45.95
17,1.864864864864865,18,10,0,2,5,0,0,0,0,0,0,2,29,8,4,6,9,1,0,2,7,0,1,48.60107026510391,45.47
17,1.6,18,9,1,2,1,0,0,0,0,0,1,2,26,8,5,4,6,2,2,3,3,0,1,47.30492283155249,45.45
17,1.6666666666666667,18,9,1,2,1,0,0,0,0,0,0,2,27,8,5,4,6,1,2,4,3,0,1,47.577526853002254,45.33
19,1.5609756097560976,17,10,1,2,0,0,0,0,0,0,1,2,29,8,3,4,7,2,2,4,7,1,1,47.32727763210519,45.18
20,1.5869565217391304,16,11,1,2,1,0,0,0,0,0,1,2,28,8,3,4,7,3,1,4,7,1,1,48.01112781188486,45.15
18,1.4772727272727273,18,12,0,0,2,0,0,0,0,0,1,1,28,8,5,7,6,1,3,0,63,9,1,46.61582644240903,44.98
18,1.59375,19,8,1,2,0,0,0,0,0,0,0,2,30,8,3,5,7,1,2,4,7,1,1,47.029897167566375,44.93
18,1.7115384615384615,15,13,0,2,6,0,0,0,0,0,1,2,25,8,2,4,10,2,0,4,7,0,1,48.692802936283634,44.84
18,1.65625,19,8,1,2,1,0,0,0,0,0,0,2,29,8,3,5,7,1,2,4,7,1,1,47.32328833015773,44.83
18,1.8,11,18,1,0,2,4,0,0,0,0,0,3,16,12,7,6,2,0,2,1,1,0,1,47.815022903741465,44.61
17,1.6666666666666667,8,20,0,2,9,0,0,0,0,0,1,0,18,4,4,8,10,2,1,1,127,3,0,49.41980046738534,44.3
19,1.5897435897435896,18,9,1,2,1,0,0,0,0,0,1,2,27,8,3,4,6,3,2,4,3,0,1,47.05998023958388,43.96
18,1.8409090909090908,17,11,0,2,5,0,0,0,0,0,0,2,29,5,2,6,10,2,2,3,3,0,1,47.70098323709253,43.93
18,1.6774193548387097,19,8,1,2,0,0,0,0,0,0,0,2,30,8,3,5,8,0,2,4,7,1,1,47.12159470752475,43.76
18,1.5714285714285714,17,10,1,2,1,0,0,0,0,0,1,2,26,8,4,4,6,3,2,3,3,0,1,47.32738580770261,43.04
18,1.6551724137931034,19,8,1,2,0,0,0,0,0,0,0,2,29,8,4,5,7,0,2,4,7,1,1,47.08216820547413,43.0
17,1.7105263157894737,16,11,1,2,2,0,0,0,0,0,0,2,27,8,6,3,6,1,2,4,3,0,1,48.044477264767075,42.85
19,1.5365853658536586,17,10,1,2,1,0,0,0,0,0,1,2,27,8,3,4,6,3,2,4,3,0,1,47.3907784837737,42.8
17,1.6444444444444444,19,11,0,0,0,0,0,0,0,0,0,2,23,6,8,5,4,2,2,3,31,8,1,46.4875116202228,42.67
19,1.5,16,14,0,0,0,0,0,0,0,0,1,2,22,7,12,7,1,1,2,0,63,9,1,47.24919761207463,42.63
17,1.6170212765957446,16,11,1,2,0,0,0,0,0,0,0,1,28,8,3,5,8,0,2,4,7,1,1,48.254646131293015,42.5
19,1.851063829787234,14,16,0,0,2,0,0,0,0,0,1,1,21,6,12,6,2,1,2,1,31,5,1,45.52671402720643,42.32
18,1.5,19,8,1,2,1,0,0,0,0,0,1,2,27,8,4,4,8,2,1,3,3,0,1,47.065238965674546,42.29
17,1.6296296296296295,20,7,1,2,0,0,0,0,0,0,0,2,30,8,3,5,8,0,2,4,7,1,1,46.79841959893686,42.22
18,1.530612244897959,16,11,1,2,0,0,0,0,0,0,1,0,27,8,3,4,9,1,3,2,7,1,1,47.50644859832553,42.2
19,1.5689655172413792,13,15,0,2,2,0,0,0,0,0,0,4,28,6,5,6,10,0,1,2,63,8,1,48.781852661219844,42.01
19,1.530612244897959,16,11,1,2,0,0,0,0,0,0,1,0,27,7,3,4,9,1,3,3,7,1,1,47.5622070350707,42.01
19,1.9166666666666667,15,13,0,2,2,0,0,0,0,0,0,4,27,7,2,7,9,0,2,3,15,0,1,47.13167257949349,41.93
20,1.5714285714285714,7,22,0,1,5,0,0,0,0,0,0,4,27,4,3,9,7,4,3,0,31,3,0,48.52409888607652,41.72
17,1.21875,19,10,1,0,0,0,0,0,0,0,3,0,28,6,11,3,4,1,2,3,7,4,1,45.688193042569516,40.99
19,1.7804878048780488,18,10,0,2,3,0,0,0,0,0,0,2,27,10,2,3,11,1,1,2,7,0,1,47.59775043885012,40.91
17,1.911764705882353,18,10,0,2,2,0,0,0,0,0,0,2,29,9,5,5,8,0,0,3,15,0,1,48.57481007045619,40.86
19,1.6444444444444444,18,12,0,0,2,0,0,0,0,0,2,2,27,7,5,6,7,1,1,3,31,9,1,47.26495060292586,40.69
19,1.7872340425531914,16,14,0,0,2,0,0,0,0,0,0,2,28,9,4,8,6,1,0,2,31,9,1,47.49065073327298,40.65
17,1.8333333333333333,19,9,0,2,2,0,0,0,0,0,0,2,30,8,4,4,8,0,2,4,7,1,1,47.108930214119944,40.28
22,1.5869565217391304,16,11,1,2,1,0,0,0,0,0,1,1,27,8,3,4,8,3,1,3,7,1,1,47.941048391864484,39.43
19,1.5689655172413792,13,17,0,0,0,0,2,0,0,0,1,2,19,9,8,6,3,2,1,1,15,1,1,45.159444676080966,39.41
17,1.8148148148148149,20,7,1,2,1,0,0,0,0,0,0,2,29,8,3,6,6,1,2,4,7,1,1,46.97703450371551,39.39
17,1.4666666666666666,15,15,0,0,0,4,0,0,0,0,3,0,24,8,8,4,3,3,2,2,3,0,1,45.64172205036205,38.11
16,1.6341463414634145,18,10,0,2,0,0,0,0,0,0,1,2,27,10,2,6,6,1,2,3,7,1,1,47.106451108021666,37.99
19,1.702127659574468,16,12,0,2,5,0,0,0,0,0,1,2,26,8,2,4,10,2,0,4,7,0,1,48.06993223884974,36.85
18,1.6129032258064515,20,7,1,2,5,0,0,0,0,0,0,0,27,8,2,6,7,2,1,4,7,0,1,48.36445414035573,35.02
20,1.7714285714285714,19,9,0,2,5,0,0,0,0,0,0,2,27,8,3,7,6,2,1,3,31,4,1,48.14653977929879,34.76
22,1.6511627906976745,17,11,0,2,4,0,1,0,0,0,0,2,25,7,3,7,7,1,2,3,31,4,1,46.83399855605121,33.38
17,1.8333333333333333,14,14,0,2,2,0,0,0,0,0,1,4,26,10,2,6,9,1,0,2,7,1,1,47.237543298011566,31.6
19,1.4821428571428572,15,14,0,1,0,0,2,0,0,0,5,0,21,8,4,2,8,4,2,2,7,0,1,42.99639869860271,30.3
19,1.5,22,8,0,0,0,0,2,0,0,0,4,0,25,9,8,3,3,3,2,2,7,4,1,44.32271143949504,29.06
18,1.4545454545454546,15,13,0,2,0,0,0,0,0,0,7,1,25,10,2,4,3,3,5,3,15,0,1,45.0495061119013,28.38
21,1.5714285714285714,15,15,0,0,0,0,0,0,0,0,1,1,19,7,4,5,2,7,4,1,7,1,1,45.054510135831514,28.28
19,1.588235294117647,19,9,0,2,3,0,0,0,0,0,3,1,25,8,6,5,4,3,2,2,31,0,1,46.77474816113078,26.62
