47439,50381,48445,47982,50084,43407,195,50088,559,41323,564,46715,113,45265,48158,158,748,45707,HIGH
41247,47439,50381,48445,47982,50084,43407,50088,559,41323,564,46715,113,45265,48158,158,748,45707,HIGH
49447,47439,50381,48445,47982,50084,43407,50230,195,50088,559,41323,757,564,46715,113,45265,48158,158,748,HIGH
41418,1004,50381,49184,48445,43483,50084,45271,50088,43419,41243,41323,46403,47287,912,41928,48158,48195,HIGH
47439,50381,48445,50084,43407,195,50088,559,41323,564,46715,113,45265,555,48158,158,748,45707,HIGH
41418,1004,50381,49184,48445,43483,50084,45271,50088,43419,41323,46403,47287,41928,290,48158,41683,570,48195,HIGH
47439,50381,48445,47982,50084,43407,50088,41323,564,46715,113,45265,48158,158,748,670,45707,HIGH
49447,50381,48445,47982,50084,43407,195,50088,559,41323,564,46715,113,45265,48158,158,748,45707,HIGH
47439,50381,48445,50084,43407,50088,559,41323,564,46715,113,45265,48158,158,748,45707,670,HIGH
47439,50381,48445,47982,50084,43407,50088,41323,564,46715,113,45265,48158,158,748,670,45707,HIGH
41418,1004,50381,48445,43483,50084,45271,50088,581,43419,41243,41323,47287,50086,336,48158,41683,48195,HIGH
47439,50381,48445,47982,50084,43407,195,50088,559,41323,564,46715,113,45265,48158,158,748,45707,HIGH
47439,50381,48445,50084,43407,50088,559,41323,564,46715,113,45265,555,48158,158,748,45707,670,HIGH
41418,1004,50381,49184,48445,43483,50084,45271,50088,581,43419,531,41243,41323,47287,45590,50086,48158,41683,48195,HIGH
41418,1004,50381,49184,48445,43483,50084,45271,50088,43419,41243,41323,46403,47287,41928,50086,290,48158,48195,HIGH
49447,50381,48445,47982,50084,43407,195,366,50088,559,41323,564,46715,113,45265,48158,158,748,45707,HIGH
41418,1004,50381,49184,48445,43483,50084,45271,50088,581,43419,41243,41323,47287,50086,336,48158,41683,48195,HIGH
49045,47982,315,43407,662,749,41153,49081,564,46715,614,113,43426,50083,555,41496,748,HIGH
41418,1004,50381,49184,48445,43483,50084,45271,50088,43419,41243,41323,46403,47346,47287,41928,48158,48195,HIGH
47439,50381,48445,47982,50084,43407,50088,559,41323,564,46715,113,45265,41263,48158,158,748,45707,HIGH
41418,1004,50381,49184,48445,43483,50084,45271,581,50088,43419,41243,41323,46403,47287,50086,336,48158,41683,48195,HIGH
47439,50381,48445,47982,50084,43407,195,50088,559,41323,564,46715,113,45265,48158,158,748,45707,HIGH
49447,50381,48445,47982,50084,43407,50230,195,50088,559,41323,564,46715,113,45265,48158,158,748,45707,HIGH
47438,41418,1004,50381,49184,48445,50084,45271,50088,43419,41323,46403,41111,47287,41928,336,290,48158,41683,48195,HIGH
41418,1004,50381,49184,48445,43483,50084,45271,50088,43419,41243,41323,47287,41928,50086,48158,41683,48195,HIGH
49447,50381,48445,47982,50084,43407,195,50088,559,41323,564,46715,113,45265,48158,158,748,45707,HIGH
50381,48445,47982,50084,43407,195,50088,41323,757,564,46715,113,42442,50421,48158,158,748,HIGH
42784,1004,77,50381,49184,43483,46654,457,1659,45271,50088,43419,41243,45590,336,45340,43506,41878,42818,41683,HIGH
47439,50381,48445,47982,50084,43407,50088,559,41323,564,46715,113,45265,48158,158,748,670,45707,HIGH
1037,49184,47054,53002,50408,581,51971,906,47287,734,912,50412,47557,47241,51816,52502,993,891,48195,HIGH
41418,1004,50381,49184,48445,43483,50084,45271,50088,43419,41243,41323,46403,47287,41928,50086,48158,41683,48195,HIGH
47439,50381,48445,47982,50084,50230,43407,50088,559,41323,564,46715,113,45265,48158,158,748,45707,670,HIGH
47439,50381,48445,50084,43407,195,50088,559,41323,564,46715,113,45265,555,48158,158,748,45707,HIGH
41418,1004,50381,48445,43483,50084,50796,45271,50088,43419,41243,41323,47287,50086,336,48158,41683,48195,HIGH
41418,1004,50381,49184,48445,43483,50084,45271,50088,43419,41243,41323,46403,47287,41928,50086,48158,41683,48195,HIGH
47439,50381,48445,47982,50084,50230,43407,50088,559,41323,564,46715,113,45265,48158,158,748,45707,HIGH
50395,1037,49184,47054,46654,50408,51971,51943,734,47287,50412,47692,51816,1186,52502,993,891,48195,HIGH
49447,47439,50381,48445,47982,50084,50230,43407,195,50088,559,41323,757,564,46715,113,48158,158,748,HIGH
41418,1004,50381,49184,48445,43483,50084,45271,50088,43419,41243,41323,46403,47287,41928,50086,290,48158,41683,HIGH
41418,1004,50381,49184,48445,43483,50084,45271,50088,43419,41243,41323,46403,47287,41928,50086,48158,41683,48195,HIGH
1037,50381,77,49184,43483,457,45269,50408,45271,581,43419,41243,41929,45590,50412,43506,51816,41878,HIGH
49045,47982,315,43407,662,41153,49081,564,46715,614,113,43426,50083,555,41496,158,748,HIGH
47439,50381,48445,47982,50084,43407,50088,559,41323,564,46715,113,45265,48158,158,748,45707,670,HIGH
47439,50381,48445,47982,50084,43407,50088,559,41323,564,46715,113,45265,48158,158,748,45707,670,HIGH
47439,50381,48445,47982,50084,43407,195,50088,559,41323,564,46715,113,42442,45265,48158,158,748,670,HIGH
46499,1004,138,77,49184,46654,457,45269,41096,45271,43419,41243,45590,43506,41878,42818,993,48195,HIGH
49447,47439,50381,48445,47982,50084,50230,43407,195,50088,559,41323,564,46715,113,48158,158,748,45707,HIGH
47439,41418,50381,48445,47982,50084,50796,43407,50088,559,41323,564,46715,113,41263,48158,158,748,45707,HIGH
47439,50381,48445,50084,43407,50088,559,41323,564,46715,113,45265,48158,158,748,45707,670,HIGH
42784,1004,50381,77,49184,43483,46654,457,1659,45271,50088,581,43419,41243,45590,336,45340,41878,42818,41683,HIGH
47439,50381,48445,47982,50084,50230,43407,195,50088,559,41323,564,46715,113,45265,48158,158,748,45707,HIGH
41418,1004,50381,49184,48445,43483,50084,45271,50088,43419,41243,41323,46403,47287,45590,41928,50086,336,48158,41683,HIGH
47438,41418,1004,50381,49184,48445,43483,50084,45271,50088,559,43419,41323,46403,47287,41928,50086,48158,48195,HIGH
41418,1004,50381,49184,48445,43483,50084,45271,50088,559,43419,41243,41323,46403,47287,41928,50086,48158,48195,HIGH
47439,50381,48445,50084,1659,43407,50088,559,41323,564,46715,113,45265,48158,158,748,670,45707,HIGH
47438,41418,1004,50381,49184,48445,50084,45271,50088,43419,41323,46403,47287,45590,41928,50086,336,48158,41683,HIGH
49447,47439,50381,48445,47982,50084,43407,50230,195,50088,559,41323,757,46461,564,46715,113,48158,158,748,HIGH
47439,50381,48445,47982,50084,43407,195,366,50088,559,41323,49081,564,46715,113,50421,48158,158,748,HIGH
1037,50395,49184,47054,53002,50408,51971,906,52640,734,47287,912,50412,47241,52502,52418,993,891,HIGH
41418,1004,50381,49184,48445,43483,50084,45271,50088,43419,41243,41323,46403,47287,50086,336,48158,41683,48195,HIGH
41418,1004,50381,49184,48445,43483,50084,45271,50088,43419,41243,41323,46403,47287,41928,290,48158,41683,48195,HIGH
47439,50381,48445,47982,50084,43407,50088,559,41323,564,46715,113,45265,48158,158,748,45707,HIGH
1037,49184,47054,53002,50408,51971,52640,906,734,50412,47557,47241,51816,52502,993,52288,891,48195,HIGH
41418,1004,50381,49184,48445,43483,50084,45271,50088,43419,41243,41323,46403,47287,41928,50086,48158,41683,48195,HIGH
41418,1004,50381,49184,48445,43483,50084,50796,45271,50088,43419,41243,41323,46403,47287,50086,48158,41683,48195,HIGH
47439,50381,49184,48445,47982,1080,50084,50491,50088,559,41323,43502,41111,49081,564,46715,45265,48158,45707,HIGH
47438,41418,49184,47054,41241,754,43419,41323,41111,47287,41260,41928,41162,47692,42818,41683,993,51136,50121,HIGH
47439,50381,48445,47982,50084,43407,50088,559,41323,46403,564,46715,113,45265,48158,158,748,45707,HIGH
47438,41418,1004,50381,49184,48445,43483,50084,45271,50088,43419,41243,41323,46403,47287,41928,50086,48158,48195,HIGH
41418,1004,50381,49184,48445,43483,50084,45271,50088,43419,41243,41323,46403,47287,41928,290,48158,41683,48195,HIGH
41418,1004,50381,49184,48445,43483,50084,45271,50088,43419,41243,41323,46403,47287,41935,41928,50086,48158,41683,48195,HIGH
41418,1004,50381,49184,48445,43483,50084,45271,50088,43419,41243,41323,46403,47287,41928,50086,290,48158,41683,48195,HIGH
41418,1004,50381,49184,48445,43483,50084,45271,50088,43419,41243,41323,46403,47287,41928,50086,336,48158,41683,48195,HIGH
41418,1004,50381,49184,48445,43483,50084,45271,50088,43419,41243,41323,46403,47287,41928,48158,41683,48195,HIGH
138,1037,49184,47054,50408,51971,906,52640,734,50412,47557,47241,51816,52502,993,52288,891,48195,HIGH
41418,1004,50381,49184,48445,43483,50084,45271,50088,43419,41243,41323,46403,47287,41928,50086,290,48158,41683,48195,HIGH
49447,47439,50381,48445,47982,1080,50084,43407,50230,195,50088,559,41323,564,46715,113,45265,48158,158,748,HIGH
46499,1004,50381,49184,48445,50084,45271,50088,581,43419,41243,46403,47287,47077,45590,50086,336,290,48158,41683,48195,HIGH
1037,49184,47054,53002,50408,51971,51943,906,52640,912,50412,47557,47241,51816,52502,993,52288,891,48195,HIGH
49447,47439,50381,48445,47982,50084,43407,195,50088,559,41323,757,564,46715,113,48158,158,748,HIGH
1037,49184,47054,53002,50408,51971,51943,52640,906,734,47287,50412,47241,51816,52502,993,891,46667,48195,HIGH
1037,49184,47054,53002,50408,51971,51943,906,52640,912,50412,47557,47241,51816,52502,993,52288,891,48195,HIGH
1037,49184,47054,50408,51971,51943,906,52640,912,50412,47557,47241,51816,52502,993,52288,891,46667,48195,HIGH
453,49502,47054,47982,41265,475,315,1063,662,510,739,41245,43426,191,976,41478,HIGH
1037,49184,47054,50408,581,51971,52640,906,734,912,50412,47557,47241,51816,52502,993,52288,891,48195,HIGH
1037,49184,47054,53002,50408,51971,51943,52640,906,912,47287,50412,47557,47241,51816,52502,993,48195,HIGH
1037,50395,49184,47054,53002,50408,581,51971,52640,734,912,50412,47241,51816,52502,993,891,46667,HIGH
42784,46499,1004,77,50381,49184,43483,46654,457,1659,45271,50088,43419,41243,45590,45340,43506,41878,42818,41683,HIGH
1037,49184,47054,50408,581,51971,51943,52640,906,47287,734,50412,47241,51816,52502,993,891,48195,HIGH
47439,50381,48445,50084,43407,50088,559,41323,564,46715,113,45265,48158,158,748,670,45707,MEDIUM
42784,46499,1004,77,50381,49184,457,46654,1659,45271,581,50088,43419,41243,45590,336,45340,43506,41878,42818,41683,MEDIUM
1037,49184,47054,53002,50408,51971,906,52640,734,50412,47557,47241,51816,52502,993,52288,891,48195,MEDIUM
1004,138,50381,77,49184,457,53002,50088,51971,51943,52640,906,50086,47557,52307,555,52502,52418,993,48195,MEDIUM
47439,50381,48445,50084,43407,195,50088,559,41323,564,46715,113,42442,45265,555,48158,158,748,670,MEDIUM
47439,50381,48445,47982,50084,43407,50088,559,41323,564,46715,113,48158,158,748,45707,670,MEDIUM
1037,49184,47054,53002,50408,581,51971,51943,52640,906,734,47287,912,47241,51816,52502,993,891,MEDIUM
1004,1037,49184,47054,50408,581,51971,52640,906,734,290,50412,47241,51816,52502,993,891,48195,MEDIUM
41418,1004,50381,49184,48445,43483,50084,45271,50088,43419,41243,41323,46403,47287,41928,50086,48158,48195,MEDIUM
1037,50395,49184,47054,53002,50408,51971,52640,906,47287,734,50412,47241,51816,1186,52502,993,891,46667,48195,MEDIUM
1037,49184,47054,53002,50408,581,51971,51943,906,52640,50412,47557,47241,51816,52502,993,52288,891,48195,MEDIUM
41418,1004,50381,49184,48445,43483,50084,45271,50088,43419,41243,41323,46403,47287,41928,50086,48158,41683,48195,MEDIUM
42784,46499,41418,1004,77,50381,49184,43483,457,1659,45271,50088,43419,41243,45590,45340,43506,42395,41878,42818,41683,MEDIUM
47439,1004,50381,49184,48445,43483,50084,45271,50088,43419,41243,41323,46403,47287,41928,50086,290,48158,41683,48195,MEDIUM
1037,49184,47054,53002,50408,51971,52640,906,734,50412,47557,47241,51816,52502,993,52288,891,48195,MEDIUM
49045,47982,315,43407,662,41153,49081,47343,564,46715,614,113,43426,50083,555,41496,748,MEDIUM
41418,1004,50381,49184,48445,43483,50084,45271,50088,43419,41243,41323,46403,47287,41928,50086,290,47557,48158,41683,MEDIUM
1004,138,49184,457,53002,315,581,51971,906,662,749,284,251,52991,587,555,52502,993,48195,MEDIUM
47439,50381,48445,47982,1080,50084,50491,50088,559,41323,43502,46403,41111,49081,564,46715,45265,48158,45707,MEDIUM
46499,1004,138,50381,77,457,46654,45269,50084,45271,50088,43419,41243,46403,47287,45590,336,41878,41683,MEDIUM
49447,50381,48445,50084,50230,43407,195,50088,559,41323,564,46715,113,45265,555,48158,158,748,45707,MEDIUM
1037,49184,47054,53002,50408,51971,51943,52640,906,50412,47557,47241,51816,52502,993,52288,891,48195,MEDIUM
1004,138,49184,457,53002,315,581,51971,906,662,749,284,251,52639,587,555,52502,993,48195,MEDIUM
1037,49184,47054,53002,50408,581,51971,906,734,912,50412,47557,47241,51816,52502,993,891,46667,48195,MEDIUM
1037,49184,47054,53002,50408,51971,51943,52640,906,912,50412,47557,47241,51816,52502,993,52288,891,48195,MEDIUM
47439,50381,48445,50084,43407,195,50088,559,41323,564,46715,113,45265,48158,158,748,670,45707,MEDIUM
41418,1004,50381,48445,47982,50084,1659,45271,50088,581,43419,41243,41323,47287,45590,50086,336,48158,41683,MEDIUM
1037,49184,47054,53002,50408,51971,51943,52640,906,912,50412,47557,47241,51816,52502,993,52288,891,46667,48195,MEDIUM
41418,1004,50381,49184,48445,43483,50084,45271,50088,43419,41243,41323,46403,47287,41928,50086,290,48158,41683,48195,MEDIUM
1037,49184,47054,53002,50408,51971,51943,906,52640,50412,47557,47241,51816,48693,52502,993,52288,891,48195,MEDIUM
1037,49184,47054,50408,581,51971,906,52640,734,290,50412,47241,51816,52502,993,891,48195,MEDIUM
50395,1037,49184,47054,51971,51943,52640,906,47287,734,912,47134,50386,52502,993,891,48195,MEDIUM
1037,138,49184,47054,53002,50408,51971,51943,906,52640,50412,47557,47241,51816,52502,993,52288,46667,48195,MEDIUM
1037,49184,47054,50408,581,51971,906,734,912,50412,47557,47241,51816,52502,993,52288,891,46667,48195,MEDIUM
1004,138,49184,457,53002,315,581,51971,906,662,749,284,47134,251,52639,587,555,52502,993,48195,MEDIUM
1037,49184,47054,53002,50408,51971,51943,906,52640,50412,47557,47241,51816,52502,993,52288,891,48195,MEDIUM
1037,50381,49184,47054,50084,53002,50408,50088,51971,51943,906,47241,51816,48693,52502,993,48195,MEDIUM
1037,49184,47054,53002,50408,51971,906,52640,734,912,50412,47557,47241,51816,52502,993,52288,891,48195,MEDIUM
1037,50381,49184,47054,53002,50408,50088,51971,51943,906,734,50412,47241,51816,52502,993,48195,MEDIUM
49045,47982,315,43407,662,12,41153,49081,564,46715,614,113,43426,50083,555,41496,748,MEDIUM
1037,49184,47054,53002,50408,51971,51943,52640,906,912,50412,47241,51816,52502,993,52288,891,48195,MEDIUM
1004,138,49184,457,46654,53002,315,1659,581,52640,662,749,47343,52307,52639,587,555,1087,MEDIUM
41418,1004,50381,49184,48445,43483,50084,45271,50088,43419,41243,41323,46403,47287,41928,50086,48158,570,48195,MEDIUM
1037,49184,47054,53002,50408,51971,51943,906,52640,912,50412,47557,47241,51816,52502,993,52288,891,48195,MEDIUM
138,1037,49184,47054,53002,50408,51971,51943,906,52640,50412,47557,47241,51816,52502,993,52288,891,48195,MEDIUM
1037,49184,47054,53002,50408,51971,51943,906,52640,912,734,50412,47557,47241,51816,52502,993,52288,891,48195,MEDIUM
1037,49184,47054,53002,50408,51971,51943,906,52640,912,50412,47557,47241,51816,52502,993,52288,891,48195,MEDIUM
405,1084,1080,315,43407,43502,662,47554,41153,564,614,113,43426,555,41496,1087,748,MEDIUM
42784,46499,1004,138,77,49184,457,46654,45269,45271,50088,43419,41243,45590,43506,41878,42818,41683,48195,MEDIUM
41418,1004,50381,49184,48445,43483,50084,45271,50088,43419,41243,41323,46403,47287,50086,336,290,48158,48195,MEDIUM
1004,138,49184,457,53002,315,581,51971,906,662,749,912,284,251,52991,587,555,52502,993,48195,MEDIUM
41418,1004,50381,49184,48445,43483,50084,45271,50088,43419,41323,46403,47287,41928,50086,290,48158,41683,48195,MEDIUM
47438,41418,1004,50381,49184,48445,43483,50084,45271,50088,43419,41243,41323,46403,47287,41928,50086,48158,41683,48195,MEDIUM
46499,41418,1004,138,77,50381,43483,457,45269,1659,46551,45271,43419,45590,336,41878,50095,MEDIUM
1037,50395,49184,47054,53002,50408,51971,906,52640,50412,47241,51816,52502,993,891,46667,48195,MEDIUM
1004,138,50381,77,49184,457,46654,53002,1659,50088,51971,51943,52640,47287,47557,52307,52502,48195,MEDIUM
1004,138,457,46654,53002,315,1659,581,906,52640,662,749,47343,52307,52639,587,555,1087,MEDIUM
49045,47982,315,43407,662,52438,41153,49081,564,46715,614,113,43426,50083,555,41496,748,MEDIUM
1004,138,49184,457,53002,315,581,51971,906,662,284,251,52991,587,555,52502,993,48195,MEDIUM
1037,50395,50381,49184,47054,1080,581,50088,51971,906,1014,47287,912,49049,47557,50386,52502,993,48195,MEDIUM
46499,1004,138,77,49184,457,45269,41096,47055,45271,43419,41243,45590,43506,41878,42818,993,48195,MEDIUM
1037,50381,49184,47054,53002,50408,50088,51971,51943,906,50412,47557,51816,52502,993,52418,891,48195,MEDIUM
1037,138,49184,47054,53002,50408,51971,906,52640,734,50412,47557,47241,51816,52502,993,52288,891,48195,MEDIUM
42784,46499,1004,138,77,50381,49184,43483,457,45269,45271,50088,43419,41243,45590,43506,41878,42818,41683,MEDIUM
1037,138,49184,47054,581,51971,52640,906,734,47287,912,50386,52502,993,891,48226,48195,MEDIUM
1037,50395,49184,47054,52290,53002,50408,581,51971,906,47287,734,50412,47241,52502,993,891,46667,48195,MEDIUM
1004,1037,49184,47054,53002,50408,51971,51943,906,52640,50412,47557,47241,51816,52502,993,52288,891,48195,MEDIUM
1004,138,50381,77,49184,457,46654,53002,1659,50088,51971,51943,52640,47287,52438,47557,52307,52502,48195,MEDIUM
47439,50381,48445,47982,50084,43407,195,50088,559,41323,564,46715,113,45265,48158,158,748,45707,670,MEDIUM
49045,405,47982,315,43407,662,41153,49081,564,46715,614,113,43426,555,41496,49263,748,MEDIUM
50395,1037,49184,47054,53002,50408,51971,52640,906,734,47287,912,50412,47241,52502,993,891,46667,MEDIUM
42784,1004,77,49184,50408,315,45271,581,43419,41929,41243,47287,45590,50412,43506,47241,51816,41878,41683,MEDIUM
1004,1037,49184,47054,50408,51971,51943,906,52640,912,50412,47557,47241,51816,52502,993,52288,891,48195,MEDIUM
49045,47982,315,43407,662,41153,49081,564,46715,614,113,43426,50083,555,41496,49263,748,MEDIUM
1004,138,50381,77,49184,46654,457,50084,50088,51971,51943,906,52640,47557,52307,555,52502,993,48195,MEDIUM
42784,46499,41418,1004,77,49184,457,45269,41096,46551,45271,43419,41243,45590,41878,42818,41683,48195,MEDIUM
1037,49184,47054,53002,50408,51971,51943,52640,906,734,47287,912,50412,47241,51816,52502,993,891,MEDIUM
47607,1004,77,49184,50408,315,45271,581,43419,41929,41243,45590,50412,43506,47241,51816,41878,41683,MEDIUM
1037,50381,49184,47054,50084,53002,50408,50088,51971,51943,906,47241,51816,555,48693,52502,993,48195,MEDIUM
47439,50381,48445,50084,43407,50088,559,43419,41323,564,46715,113,45265,48158,158,748,670,45707,MEDIUM
1037,49184,47054,53002,50408,51971,51943,52640,906,50412,47557,47241,51816,52502,993,52288,891,48195,MEDIUM
1004,1037,138,49184,457,53002,50408,51971,51943,52640,906,662,50412,52307,51816,555,52502,993,MEDIUM
1004,138,49184,457,53002,315,581,51971,906,662,912,284,251,52991,587,555,52502,993,48195,MEDIUM
41418,1004,50381,49184,48445,50084,45271,50088,559,43419,531,41243,41323,46403,41111,47287,50086,290,48158,41683,48195,MEDIUM
1037,49184,47054,53002,50408,51971,52640,906,912,734,50412,47557,47241,51816,52502,993,52288,891,48195,MEDIUM
1037,50381,49184,47054,50084,50408,581,50088,51971,51943,906,47241,51816,555,48693,52502,993,48195,MEDIUM
1004,138,49184,46654,457,53002,315,1659,581,52640,906,662,47343,52307,52639,587,555,1087,MEDIUM
1037,49184,47054,53002,50408,51971,51943,906,52640,52438,50412,47241,51816,52502,52418,993,891,48195,MEDIUM
138,1037,49184,47054,53002,50408,51971,51943,906,52640,734,912,50412,47557,47241,51816,52502,993,52288,48195,MEDIUM
49502,1037,50381,49184,47054,50408,51943,906,50412,47241,47692,51816,48693,993,52288,50095,48195,LOW
1004,138,50381,77,49184,457,46654,50084,53002,50088,51971,51943,906,52640,749,50086,52307,52502,52288,LOW
50395,1037,50381,49184,47054,581,50088,51971,906,1014,47287,49049,50386,555,52502,993,891,48195,LOW
138,50395,1037,49184,47054,581,51971,906,1014,734,47287,49049,50386,555,52502,993,891,48195,LOW
47438,41418,50120,315,41927,41323,662,41111,41260,41154,395,46541,43414,41410,50121,LOW
1004,1037,138,49184,457,53002,50408,51971,51943,52640,912,50412,52307,47241,51816,555,52502,993,LOW
50372,50395,1084,49184,47982,50120,1080,581,51971,52706,47134,211,614,53218,52639,52991,555,52502,993,LOW
50395,1037,50381,49184,47054,1080,50088,581,51971,51943,906,912,47287,1014,49049,50386,52502,993,48195,LOW
42784,46499,1004,138,77,49184,457,45269,41096,45271,43419,41243,45590,43506,41878,42818,993,48195,LOW
1037,50381,49184,47054,50084,53002,50408,50088,51971,51943,906,47241,51816,555,48693,52502,993,50095,48195,LOW
1037,49184,47054,53002,50408,51971,51943,906,52640,734,50412,47557,47241,51816,52502,993,52288,891,48195,LOW
1004,138,49184,457,53002,315,1659,621,581,52640,662,749,52438,52307,52639,587,555,52502,1087,LOW
41418,1004,50381,49184,48445,43483,50776,50084,45271,50088,43419,41243,41323,46403,47287,50086,50412,48158,41683,48195,LOW
1037,49184,47054,53002,50408,51971,51943,906,52640,50412,47557,47241,51816,52502,993,52288,891,46667,48195,LOW
1004,138,1084,49184,457,1080,53002,315,581,51971,906,662,749,284,52639,587,555,52502,993,LOW
41418,1004,50381,48445,43483,50084,45271,581,50088,43419,41243,41323,46403,47287,50086,336,48158,41683,48195,LOW
1037,50381,49184,47054,53002,50408,581,51971,51943,906,912,47557,47241,51816,52502,993,891,50095,LOW
42784,1004,138,77,49184,457,45269,41096,45271,43419,41243,45590,43506,41878,42818,41683,993,48195,LOW
1084,47982,1080,315,52706,662,12,47554,749,49081,564,51977,614,52639,52991,50386,555,LOW
1004,138,50381,49184,457,47982,53002,315,50088,581,52640,662,749,52438,52307,52639,587,555,52502,1087,LOW
1004,138,50381,77,49184,457,53002,315,1659,50088,51971,52640,662,52307,587,52502,52418,48195,LOW
1004,138,77,50381,49184,457,46654,50084,53002,50088,51971,906,52640,52438,52307,48693,52502,993,48195,LOW
1004,138,49184,457,53002,315,581,51971,906,662,749,912,284,251,587,555,52502,993,48195,LOW
1004,138,50381,77,49184,457,50088,51971,51943,906,52640,47287,52307,52639,587,555,52502,993,48195,LOW
1037,50381,49184,47054,47924,50084,50088,51971,51943,52640,251,47142,47692,52936,52502,993,48195,LOW
1037,49184,53002,50408,51971,51943,52640,906,912,50412,47557,47241,51816,555,52502,993,52288,891,48195,LOW
1004,138,50381,77,49184,457,53002,315,50088,581,51971,52640,662,50093,587,555,52502,48195,LOW
42784,46499,41418,1004,77,49184,457,46654,45269,41096,47055,45271,43419,41243,45590,43506,41878,42818,41683,48195,LOW
1004,138,77,1084,49184,457,1080,53002,581,51971,906,52640,52438,47557,52307,52639,587,555,52502,993,LOW
1004,138,50381,77,49184,457,53002,50088,51971,51943,52640,906,52307,52639,587,555,52502,993,48195,LOW
1037,138,49184,47054,50408,51971,52640,906,734,50412,47241,51816,52502,993,52288,891,48195,LOW
49045,47982,48803,52654,315,662,749,52438,49081,564,46715,614,52942,46994,50083,555,52289,LOW
1657,1004,138,77,50381,49184,457,50088,51971,51943,52640,906,52307,52639,587,555,52502,993,48195,LOW
1004,138,1037,77,49184,457,46654,51971,51943,906,52640,251,47557,52307,555,52502,993,48195,LOW
1004,138,77,50381,49184,46654,457,53002,1659,50088,51971,51943,52640,47287,47557,52307,52502,50095,48195,LOW
1037,138,49184,47054,50084,53002,50408,315,51943,52640,906,47287,912,50412,47241,51816,52502,52288,48195,LOW
1004,138,50381,77,49184,46654,457,53002,50088,51971,52640,662,50093,52307,587,555,52502,48195,LOW
49045,1084,50120,47982,1080,52954,315,52706,662,47554,52438,49081,564,614,52639,52991,555,LOW
1004,138,77,49184,1084,457,1080,53002,581,51971,906,52438,52307,52639,587,555,52502,993,46667,LOW
1004,138,50381,77,49184,457,53002,50088,51971,51943,906,50086,47557,52307,555,52502,993,52418,50095,48195,LOW
1004,138,50381,77,49184,457,50088,51971,51943,906,52640,47557,52307,587,555,52502,48195,LOW
47438,49045,50120,47982,50084,51971,52706,51943,52640,49081,564,614,395,52991,52502,50122,LOW
1004,138,77,49184,1084,457,1080,53002,1659,581,51971,906,52640,47557,52639,587,555,52502,48195,LOW
1004,138,77,1084,49184,457,1080,53002,581,51971,906,52438,52307,52639,587,555,52502,993,52418,LOW
1004,138,77,49184,457,53002,315,1659,581,51971,51943,52640,662,52639,587,555,52502,50095,48195,LOW
1004,138,77,49184,46654,457,53002,51971,52640,906,662,912,49049,47557,52307,587,555,52502,48195,LOW
1004,1037,138,50381,77,49184,457,50084,53002,50408,1659,581,50088,51971,52640,50412,47557,47241,51816,52502,LOW
1004,138,77,49184,46654,457,53002,315,1659,47055,581,51943,52640,50086,587,555,52502,48195,LOW
138,41168,457,1080,1659,284,52262,45590,614,251,48692,587,50386,43193,555,41496,41690,LOW
47439,50381,48445,47982,50084,43407,366,50088,559,41323,564,46715,113,45265,48158,158,748,45707,LOW
49045,405,1084,47982,50120,1080,1659,52706,662,12,49081,564,46715,614,53218,52639,52991,555,LOW
1004,138,50381,77,49184,46654,457,53002,50088,51971,52640,49049,47557,50093,52307,587,555,52502,48195,LOW
49045,1084,50120,47982,1080,315,52706,662,12,49081,564,46715,51977,614,53218,52639,52991,555,LOW
138,77,49184,1084,457,1080,1659,581,51971,906,52640,47557,52639,587,555,52502,48195,LOW
49045,1084,47982,50120,1080,315,52706,51943,662,47554,49081,614,395,52639,52991,50386,LOW
1004,138,77,1084,49184,457,1080,1659,581,51971,906,52640,47557,52639,587,555,52502,48195,LOW
49045,50120,47982,1080,315,52706,662,49081,564,46715,51977,614,50083,52639,52991,555,LOW
49045,50120,47982,1080,315,52706,662,749,49081,564,51977,46715,614,50083,52639,52991,555,LOW
1004,1037,77,49184,457,53002,51971,51943,906,52640,662,47557,52307,52991,555,52502,993,891,52870,48195,LOW
138,41168,457,1080,42718,749,284,430,45590,614,251,48692,587,50386,43193,555,41496,41690,LOW
49045,47982,52654,1080,50084,315,559,662,749,52438,49081,564,46715,614,50083,52639,555,49263,52289,LOW
41168,47982,457,1080,1659,621,41153,284,52262,45590,614,48692,587,50386,555,41496,41690,LOW
49184,1084,50120,47982,1080,50796,1659,52706,52640,662,734,49081,614,53218,395,52639,52991,50386,555,LOW
49045,50120,47982,315,52706,662,52438,49081,564,51977,46715,614,50083,52639,52991,555,LOW
49045,47982,47821,1080,315,52706,662,12,749,49081,564,46715,614,50083,52639,52991,555,LOW
49045,1084,50120,47982,1080,51971,52706,662,12,47554,749,49081,564,614,791,52639,52991,555,52502,LOW
138,457,41168,47982,1080,52262,284,45590,614,251,48692,587,43193,50386,555,41496,41690,LOW
49045,50120,47982,52654,1080,52706,662,12,749,49081,564,46715,614,50083,52639,52991,555,LOW
49045,1084,50120,47982,48803,315,52415,52706,662,49081,564,46715,614,52991,555,52502,LOW
41168,457,1080,1659,621,662,749,52262,284,45590,614,251,48692,587,50386,555,41496,41690,LOW
138,1084,47054,50120,47982,52706,662,749,49081,614,791,48692,52639,52991,587,555,52434,LOW
1004,77,49184,457,53002,50408,315,581,52640,662,912,50086,47241,51816,52413,52502,52418,52870,48195,LOW
1004,49045,138,49184,457,1080,53002,315,1659,581,662,749,284,251,52639,587,555,1087,LOW
1004,138,77,50381,49184,50088,51971,52706,51943,52640,47287,50093,52307,52639,555,52502,48195,LOW
1004,138,49184,457,1080,53002,315,1659,621,581,662,614,48692,52307,52639,587,555,1087,LOW
1004,138,49184,457,47982,48803,53002,581,52640,662,749,52438,52307,52639,587,555,49263,52502,1087,LOW
49045,47982,50120,52638,1080,315,52706,662,749,49081,564,51977,614,50083,52639,447,555,LOW
49045,1084,47982,50120,1080,315,52706,662,52438,49081,564,46715,614,48692,52639,52991,555,LOW
49184,457,47982,41168,1080,41323,41111,45590,614,251,48692,587,50386,555,43414,41496,41690,LOW
195,525,1084,395,1080,564,315,614,662,906,405,1004,555,1087,672,77,LOW
49045,1084,48803,52415,51971,52640,662,749,49081,564,614,52942,50083,52991,555,52502,LOW
138,77,41168,457,1659,52438,284,45590,46715,251,48692,587,50386,555,41496,45309,41690,LOW
138,457,41168,47982,662,52438,284,52262,45590,564,251,48692,587,50386,555,436,41496,41690,LOW
49045,138,457,1080,52954,53002,315,581,531,662,49081,564,336,48692,587,447,555,436,48198,LOW
49045,1084,50120,47982,1080,315,52706,662,52438,49081,564,614,48692,52639,52991,587,555,LOW
49045,52638,52654,53002,52706,662,749,49081,430,50086,50083,52991,447,555,49263,52289,LOW
49045,47982,52638,1080,315,51971,52706,662,47554,49081,564,46715,51977,614,50083,52991,52502,LOW
1004,138,47821,457,1080,52954,53002,315,52255,581,662,564,48692,52639,587,555,436,1087,LOW
138,77,41168,457,43424,1659,52438,284,45590,251,48692,587,50386,555,41496,45309,41690,LOW
