52617,49184,180,48487,559,724,667,459,47014,461,878,456,52111,1117,1158,306,50773,904,HIGH
52617,180,365,559,724,667,459,47014,461,878,456,52111,1117,1158,306,50773,904,HIGH
52617,180,48487,559,724,459,47014,461,878,456,52111,1117,268,1158,306,50773,904,HIGH
52617,180,365,48487,559,724,667,47014,459,461,878,456,52111,1117,1158,306,50773,904,HIGH
52264,52112,52617,52606,49184,51827,180,52114,559,667,47014,461,52603,52111,48199,1158,306,932,904,HIGH
52617,180,365,49018,48487,559,724,459,47014,461,878,456,52111,1117,1158,306,50773,904,HIGH
52617,180,48487,559,724,757,47014,459,461,878,456,52111,1117,1158,306,50773,904,HIGH
52617,180,48487,559,724,906,47014,459,461,878,456,52111,1117,268,1158,306,50773,904,HIGH
52617,180,365,48487,559,52114,724,459,461,878,456,52111,1117,51380,1158,306,50773,904,HIGH
52617,180,365,559,724,667,459,47014,461,878,456,52111,1117,1158,306,50773,904,630,HIGH
52617,180,49018,48487,559,724,47014,459,461,878,456,52111,1117,1158,306,50773,904,HIGH
52617,49184,180,48487,559,724,459,47014,461,878,456,52111,1117,1158,306,50773,904,52434,HIGH
52617,49184,180,48487,559,52114,724,47014,461,878,456,52111,51380,1117,1158,306,50773,904,HIGH
52112,52606,49184,180,49066,52114,47014,47071,50774,52603,52111,1117,51380,48199,306,49843,904,HIGH
52112,52617,52606,180,48487,559,52114,724,47014,461,878,456,52111,1117,1158,306,50773,904,52434,HIGH
49184,180,48487,52114,559,724,47014,459,461,49361,878,456,52111,48478,1158,306,50773,904,HIGH
52617,49184,180,48487,559,52114,724,459,47014,461,878,456,52111,1117,1158,306,50773,904,HIGH
52112,52617,52606,180,559,52114,906,52603,878,456,52111,1117,51380,48199,1158,306,50773,904,HIGH
52617,180,365,48487,559,724,667,47014,459,461,878,456,52111,1117,1158,306,50773,904,HIGH
52617,49184,180,48487,559,724,906,459,47014,461,878,456,52111,1117,1158,306,50773,904,HIGH
52617,52112,180,48487,52114,559,724,47014,459,461,878,456,52111,1117,1158,306,50773,904,HIGH
52617,180,48487,559,724,906,47014,459,461,878,456,52111,1117,1158,306,50773,904,HIGH
52617,180,48487,559,52114,724,906,459,47014,461,878,456,52111,1117,51380,1158,306,50773,904,HIGH
52617,180,48487,559,724,667,47014,459,461,878,456,52111,1117,1158,306,50773,904,HIGH
46102,41418,49184,180,365,49066,41327,281,559,41323,47071,47014,45531,50774,456,45340,1117,41217,306,42818,HIGH
52617,180,48487,559,724,667,459,47014,461,878,456,52111,1117,268,1158,306,50773,904,HIGH
52617,49184,180,48487,559,52114,724,757,47014,461,878,456,52111,1117,1158,306,50773,904,HIGH
52617,180,48487,559,724,667,906,47014,459,461,878,456,52111,1117,1158,306,50773,904,HIGH
52112,52606,47924,180,48487,559,52603,878,456,52111,1117,48199,1158,48478,306,50773,904,HIGH
52617,52112,180,365,48487,559,724,459,47014,461,878,456,52111,1117,1158,306,50773,904,HIGH
52617,180,48487,559,52114,724,459,47014,461,878,456,52111,1117,268,1158,306,50773,904,HIGH
52112,52617,52606,180,365,559,52114,906,461,52603,878,52111,1117,48199,1158,306,50773,904,HIGH
52617,52112,52606,180,365,559,906,52603,878,456,52111,1117,48199,1158,306,50773,904,HIGH
52617,180,48487,559,52114,724,47014,459,461,878,456,52111,1117,51380,1158,306,50773,904,HIGH
52617,180,48487,559,52114,724,459,47014,461,878,456,52111,51380,1117,1158,306,50773,904,HIGH
52617,180,48487,559,724,667,757,906,47014,459,461,878,456,52111,1117,1158,306,50773,904,HIGH
52617,52112,52606,180,365,559,906,47014,52603,878,456,52111,1117,48199,1158,306,50773,904,HIGH
52617,180,365,48487,559,52114,724,667,459,47014,461,878,456,52111,1117,1158,306,50773,904,HIGH
52617,180,365,48487,559,724,906,47014,459,461,878,456,52111,1117,1158,306,50773,904,HIGH
52617,52112,52606,180,365,559,52114,667,52603,878,52111,1117,51380,48199,1158,306,50773,904,HIGH
52617,180,365,48487,559,724,47014,459,461,878,456,52111,1117,1158,306,50773,904,HIGH
52617,52112,365,180,48487,559,724,667,459,47014,461,878,52111,1117,1158,306,50773,904,HIGH
52617,180,48487,52114,559,724,47014,459,461,878,456,52111,1117,1158,306,50773,904,52434,HIGH
52617,180,365,48487,559,724,906,459,461,878,456,52111,1117,48199,1158,306,50773,904,HIGH
52617,180,48487,52114,559,724,667,459,47014,461,878,456,52111,1117,1158,306,50773,904,HIGH
52112,52617,52606,180,365,559,52114,461,52603,878,456,52111,51380,1117,48199,1158,306,50773,904,HIGH
52617,52112,52606,180,365,559,906,52603,878,456,52111,1117,48199,1158,306,50773,904,HIGH
52617,180,48487,559,52114,724,906,459,47014,461,878,456,52111,1117,1158,306,50773,904,HIGH
52617,52112,52606,180,48487,559,724,47014,52603,878,456,52111,48199,1158,306,50773,904,HIGH
52617,180,48487,559,724,667,906,459,47014,461,878,456,52111,1117,1158,306,50773,904,HIGH
52112,52617,52606,49184,180,48487,559,724,47014,461,878,456,48199,1158,306,50773,904,52434,HIGH
52617,180,365,48487,559,724,47014,459,461,878,456,52111,1117,268,1158,306,50773,904,HIGH
52112,52617,180,365,559,724,667,47014,459,461,878,456,52111,1117,1158,306,50773,904,HIGH
52617,52112,52606,49184,365,180,559,52603,878,456,52111,1117,48199,1158,306,50773,904,HIGH
52112,52617,52606,365,180,559,906,459,52603,878,52111,1117,48199,1158,306,50773,904,HIGH
52112,52606,180,365,52114,559,667,1029,749,461,52111,1117,51380,48199,1158,306,904,630,HIGH
180,43228,48487,559,724,41323,459,47014,461,45338,878,456,1117,41217,1158,306,50773,904,HIGH
52617,52112,52606,365,180,52114,559,906,461,878,456,52111,1117,48199,1158,306,50773,904,HIGH
52617,365,180,48487,559,52114,724,667,47014,459,461,878,456,52111,1117,1158,306,50773,904,HIGH
52112,52617,52606,180,365,559,906,461,52603,878,52111,1117,48199,1158,306,50773,904,HIGH
52617,52112,52606,365,180,559,906,461,52603,878,456,52111,1117,48199,1158,306,50773,904,HIGH
52617,365,180,48487,52114,559,724,667,459,878,456,52111,1117,51380,1158,306,50773,904,HIGH
52617,180,48487,559,52114,724,906,47014,459,461,878,456,52111,1117,1158,306,50773,904,52434,HIGH
52112,52606,365,180,559,52114,667,1029,749,461,52111,51380,1117,48199,1158,306,904,630,HIGH
52617,180,48487,559,724,667,47014,459,461,878,456,1117,48199,1158,306,50773,904,HIGH
52617,180,559,52114,724,906,47014,459,461,878,456,52111,1117,1158,306,50773,904,630,HIGH
52617,180,48487,559,52114,724,51375,459,47014,461,878,456,52111,1117,1158,306,50773,904,HIGH
52617,180,48487,559,724,906,459,47014,461,878,456,52111,1117,1158,306,50773,904,52434,HIGH
52617,180,365,52114,559,724,667,459,47014,461,878,456,52111,1117,1158,306,50773,904,HIGH
52112,52617,52264,52606,365,180,559,906,52603,878,52111,1117,48199,1158,306,50773,904,HIGH
52112,52264,52617,52606,180,559,724,47014,52603,878,456,1117,48199,1158,306,50773,904,HIGH
52617,52112,52606,365,180,559,667,52603,878,456,52111,1117,48199,1158,306,50773,904,HIGH
49184,180,365,559,52114,667,1029,749,47014,461,791,52111,1117,51380,1158,306,904,630,HIGH
41247,41418,559,724,41323,757,459,47014,42442,290,45265,710,1117,48199,41217,48158,45707,HIGH
52617,52112,52606,180,365,52114,559,906,52603,878,456,52111,1117,48199,1158,306,50773,904,HIGH
52617,180,365,48487,559,724,667,906,47014,459,461,878,456,52111,1117,1158,306,50773,904,HIGH
52617,180,365,48487,52114,559,724,47014,459,461,878,456,52111,1117,1158,306,50773,904,HIGH
52617,52112,52606,180,559,52114,906,52603,878,52111,51380,1117,48199,1158,306,50773,904,HIGH
52112,52617,52606,365,180,559,667,906,52603,878,456,52111,1117,48199,1158,306,50773,904,HIGH
52617,180,48487,52114,559,724,906,47014,459,461,878,456,52111,1117,1158,306,50773,904,52434,HIGH
52617,180,365,48487,559,52114,724,667,47014,459,461,878,52111,1117,1158,306,50773,904,HIGH
52617,52112,52606,180,365,559,906,52603,878,456,52111,1117,51380,48199,1158,306,50773,904,HIGH
52112,52617,52606,180,365,559,667,906,52603,878,52111,1117,48199,1158,306,50773,904,HIGH
52617,180,48487,52114,559,724,47014,461,878,456,52111,51380,1117,1158,306,50773,904,52434,HIGH
52112,52617,180,48487,559,724,459,47014,461,878,456,52111,1117,1158,306,50773,904,HIGH
52617,180,365,48487,559,52114,724,459,47014,461,878,52111,1117,1158,306,50773,904,52434,HIGH
52617,180,48487,559,52114,724,906,459,47014,461,878,456,52111,1117,1158,306,50773,904,52434,HIGH
46102,49184,365,180,49066,41327,281,559,724,41323,47071,47014,45531,50774,45340,1117,41217,306,42818,HIGH
52112,52617,52606,180,365,559,52114,906,52603,878,52111,1117,51380,48199,1158,306,50773,904,HIGH
41247,41418,49018,48487,559,724,41323,41111,46461,47014,459,41928,42442,45265,1117,41217,48158,45707,HIGH
52617,180,365,48487,559,724,667,906,459,878,456,52111,1117,48199,1158,306,50773,904,52434,HIGH
52617,52112,49184,180,48487,559,52114,459,47014,461,878,456,52111,51380,1158,306,50773,904,HIGH
41247,41418,48487,559,724,41323,41111,46461,47014,459,41928,42442,45265,1117,41217,48158,45707,HIGH
52112,52617,52606,180,365,559,906,52603,878,52111,1117,51380,48199,1158,306,50773,904,HIGH
52112,52617,52606,365,180,559,724,906,52603,878,52111,1117,48199,1158,306,50773,904,HIGH
52112,52617,52606,180,365,559,906,52603,878,456,52111,1117,48199,1158,306,50773,904,HIGH
52617,52112,52606,180,365,559,906,461,878,456,52111,1117,48199,1158,306,50773,904,HIGH
52617,180,48487,559,724,667,459,47014,461,878,456,52111,1117,1158,306,50773,904,52434,HIGH
52617,52112,52606,180,365,559,906,52603,878,52111,1117,51380,48199,1158,306,50773,904,HIGH
52112,52617,52606,180,48487,559,52114,906,52603,878,456,52111,1117,48199,1158,306,50773,904,HIGH
52617,365,180,48487,559,724,667,459,47014,461,878,456,52111,1117,1158,306,50773,904,HIGH
49502,49184,365,180,49066,43228,754,559,41323,47014,47071,45531,50774,45340,1117,41217,41683,49843,HIGH
52617,180,49018,48487,559,724,906,459,47014,461,878,456,52111,1117,1158,306,50773,904,HIGH
52617,180,365,559,52114,724,906,47014,459,461,878,456,52111,1117,1158,306,50773,904,HIGH
180,43228,48487,559,724,667,41323,459,47014,461,45338,878,456,1117,1158,306,50773,904,HIGH
180,48487,559,724,667,749,47014,459,461,878,50775,456,52111,1117,1158,48478,306,50773,904,HIGH
49184,180,365,43228,48487,559,667,41323,749,47014,461,45531,791,41217,1158,50386,306,904,630,HIGH
52112,52606,180,365,52114,559,667,1029,749,461,52111,1117,51380,48199,1158,306,904,630,HIGH
52112,52617,52606,180,48487,559,52114,906,461,52603,878,456,52111,48199,1158,306,50773,904,HIGH
52617,52112,52606,365,180,559,906,52603,878,52111,1117,48199,1158,306,50773,904,HIGH
52112,52617,52606,180,365,559,52114,52603,878,52111,1117,51380,48199,1158,306,50773,904,HIGH
52617,52112,52606,365,180,559,52114,667,906,52603,878,456,52111,1117,48199,1158,306,50773,904,HIGH
52617,180,48487,559,52114,724,667,459,47014,461,878,456,52111,1117,1158,306,50773,904,HIGH
41247,41418,49018,48487,559,724,41323,41111,459,47014,41928,42442,45265,456,1117,41217,48158,45707,HIGH
52112,52617,52606,365,180,48487,559,906,52603,878,52111,1117,48199,1158,306,50773,904,HIGH
52112,52617,52606,365,180,48487,559,52603,878,456,52111,1117,48199,1158,306,50773,904,HIGH
52617,52112,52606,180,365,559,52114,906,52603,878,456,52111,1117,48199,1158,306,50773,904,HIGH
52112,52617,52606,180,365,559,52114,906,52603,878,456,52111,51380,1117,48199,1158,306,50773,904,HIGH
52617,49184,180,48487,52114,559,724,906,47014,461,878,456,52111,1117,1158,306,50773,904,52434,HIGH
52617,365,180,48487,559,724,906,47014,459,461,878,456,52111,1117,1158,306,50773,904,HIGH
46102,48034,180,42780,50766,43228,281,46710,567,50383,45531,268,42395,999,42818,47693,42790,904,51136,HIGH
46102,790,180,48034,42780,281,906,567,47343,50383,461,45531,268,999,47693,904,348,HIGH
49184,180,365,43228,559,667,41323,573,47014,461,45531,791,1117,41217,1158,306,932,904,630,HIGH
52617,52112,52606,365,180,559,461,52603,878,456,52111,1117,48199,1158,306,50773,904,HIGH
46102,41418,49184,365,180,49066,41327,281,559,41323,47014,47071,50774,680,50775,45340,1117,41217,306,42818,HIGH
46102,41418,49184,180,365,49066,41327,281,559,41323,47071,47014,50774,680,45340,1117,41217,306,42818,HIGH
52617,180,48487,52114,559,724,667,906,459,47014,461,878,456,52111,1117,1158,306,50773,904,HIGH
52617,52112,52606,180,365,48487,52114,559,906,52603,878,52111,1117,48199,1158,306,50773,904,HIGH
52617,52112,52606,365,180,52114,559,906,52603,878,52111,51380,1117,48199,1158,306,50773,904,HIGH
41418,49184,180,365,43228,559,667,41323,47014,461,45531,1117,268,41217,1158,306,904,630,46667,HIGH
49184,365,180,43228,48487,559,667,41323,573,47014,461,45531,791,1117,41217,1158,306,904,630,MEDIUM
41247,41418,559,724,667,41323,757,459,47014,42442,290,45265,1117,48199,41217,48158,45707,MEDIUM
52617,52112,180,365,48487,559,52114,667,459,461,878,456,52111,1117,51380,1158,306,50773,904,MEDIUM
52617,52112,52606,180,365,559,52114,906,461,52603,878,456,52111,1117,48199,1158,306,50773,904,MEDIUM
41247,41418,49018,48487,724,41323,41111,46461,47014,459,41928,42442,45265,1117,41217,48158,45707,MEDIUM
52617,180,559,52114,724,667,906,47014,459,461,878,456,52111,1117,1158,306,50773,904,MEDIUM
52617,180,49018,48487,559,724,667,906,459,47014,461,878,456,52111,1117,1158,306,50773,904,MEDIUM
48886,49502,49184,180,365,49066,559,41323,47071,47014,45531,50774,680,45265,45340,1117,41217,MEDIUM
49184,365,180,48487,52114,667,51375,1029,749,573,461,997,52111,51380,1117,1158,306,904,630,52434,MEDIUM
52112,52617,52606,180,365,559,52114,906,878,456,52111,51380,1117,48199,1158,306,50773,904,MEDIUM
49184,365,180,43228,48487,559,667,41323,573,47014,461,45531,791,1117,41217,1158,50386,306,904,MEDIUM
43237,45930,45287,49184,47924,180,48748,45936,42560,46656,461,49361,45195,41289,48478,42818,904,41286,MEDIUM
52617,365,180,48487,52114,559,724,906,459,47014,461,878,52111,1117,1158,306,50773,904,MEDIUM
46102,41418,49184,365,180,49066,41327,281,559,41323,47071,47014,50774,50775,456,45340,1117,41217,306,42818,MEDIUM
52112,52617,52606,180,365,559,52114,906,52603,878,456,52111,51380,1117,48199,1158,306,50773,904,MEDIUM
52112,52617,52606,180,365,559,906,52603,878,456,52111,1117,48199,1158,306,50773,904,MEDIUM
52112,52617,49184,180,48487,559,52114,724,906,47014,461,878,456,52111,1158,306,50773,904,52434,MEDIUM
52112,52617,52606,365,180,52114,906,52603,878,52111,51380,1117,48199,1158,306,50773,904,MEDIUM
52617,180,48487,559,52114,724,667,47014,459,461,878,456,52111,1117,1158,306,50773,904,52434,MEDIUM
52617,52112,52606,180,365,559,52114,52603,878,456,52111,1117,48199,1158,306,50773,904,MEDIUM
180,43228,559,667,41323,573,47014,461,45531,1117,268,41217,1158,306,932,904,MEDIUM
52617,52112,52606,365,180,559,52114,667,906,52603,878,52111,1117,48199,1158,306,50773,904,MEDIUM
180,43228,48487,559,724,41323,47014,459,461,45338,878,456,1117,41217,1158,306,50773,904,MEDIUM
52617,52112,52606,49184,180,365,559,906,52603,878,52111,1117,48199,1158,306,50773,904,MEDIUM
180,43228,48487,559,724,41323,47014,459,461,45338,878,791,456,1117,1158,306,50773,904,MEDIUM
49184,47924,180,48748,50443,50766,41259,41323,49361,45531,45195,45340,1117,41217,48478,1158,48159,630,45263,MEDIUM
52617,180,365,48487,52114,559,724,47014,459,461,878,456,52111,1117,1158,306,50773,904,MEDIUM
52617,180,365,48487,559,724,47014,459,461,878,456,52111,1117,1158,306,50773,904,52434,MEDIUM
49184,180,43228,48487,559,724,41323,459,47014,461,45338,878,456,1117,1158,306,50773,904,MEDIUM
52617,52112,52606,365,180,48487,559,906,52603,878,456,52111,1117,48199,1158,306,50773,904,MEDIUM
49184,365,180,43228,559,667,41323,573,47014,461,45531,791,1117,41217,1158,306,932,904,MEDIUM
52112,52617,52606,180,365,559,47014,52603,878,456,52111,1117,48199,1158,306,50773,904,MEDIUM
180,43228,48487,559,724,41323,459,47014,461,45338,878,456,1117,1158,306,50773,904,630,MEDIUM
41247,41418,49018,48487,559,724,41323,757,46461,459,47014,42442,45265,456,1117,41217,48158,45707,MEDIUM
43237,45287,49184,47924,180,48748,45936,46656,461,49361,45195,41289,1158,48478,42818,904,41286,MEDIUM
52617,180,48487,559,52114,724,906,459,47014,461,878,52111,1117,1158,306,50773,904,52434,MEDIUM
180,43228,48487,559,724,906,47014,459,461,45338,878,456,1117,41217,1158,306,50773,904,MEDIUM
52617,52112,52606,180,365,559,52114,906,52603,878,52111,1117,48199,1158,306,50773,904,MEDIUM
52617,52112,52606,49184,180,48487,559,52114,47014,52603,878,456,52111,48199,1158,306,50773,904,MEDIUM
52112,52617,52606,180,48487,559,52114,459,461,878,52111,1117,48199,1158,306,50773,904,MEDIUM
52112,52617,52606,180,365,48487,52114,559,52603,878,456,52111,1117,48199,1158,306,50773,904,MEDIUM
180,43228,48487,559,724,41323,459,47014,461,45338,878,456,1117,1158,306,50773,904,630,MEDIUM
41418,49184,365,180,43228,48487,559,667,41323,573,47014,461,45531,1117,41217,1158,306,904,630,MEDIUM
41247,41418,48487,559,724,41323,757,41111,47014,459,41928,42442,45265,755,456,1117,41217,48158,45707,MEDIUM
52112,52606,180,365,559,52114,667,906,1029,749,461,52111,1117,48199,1158,306,904,630,MEDIUM
52617,180,365,48487,559,724,459,47014,461,997,878,456,52111,1117,1158,306,50773,904,MEDIUM
52617,180,48487,559,52114,724,906,47014,459,997,878,456,52111,1117,1158,306,50773,904,52434,MEDIUM
43237,45287,49184,47924,180,48748,45936,42560,46656,461,49361,45195,48478,1158,42818,904,41286,MEDIUM
46102,41418,49184,365,180,49066,41327,281,559,41323,47071,47014,45531,50774,680,45340,1117,41217,306,42818,MEDIUM
52617,180,365,48487,52114,559,724,906,459,47014,461,878,456,52111,1117,1158,306,50773,904,MEDIUM
52112,420,48536,49184,47924,180,778,49361,878,456,52111,1158,48478,306,50773,904,49356,MEDIUM
180,43228,48487,559,724,41323,459,47014,461,45338,878,456,1117,1158,306,50773,904,MEDIUM
52617,52112,52606,180,365,52114,559,667,906,878,456,52111,1117,48199,1158,306,50773,904,MEDIUM
180,43228,48487,559,724,41323,47014,459,461,45338,878,1117,41217,1158,306,50773,904,MEDIUM
52617,180,48487,52114,559,724,912,459,47014,461,878,456,52111,1117,1158,306,50773,904,MEDIUM
46102,49184,180,365,49066,43228,41327,281,559,41323,47014,47071,45531,50774,45340,1117,41217,306,42818,MEDIUM
52112,52617,52606,180,365,559,52114,906,52603,878,456,52111,1117,48199,1158,306,50773,904,MEDIUM
180,43228,48487,559,724,667,41323,47014,459,461,45338,878,456,1158,306,50773,904,MEDIUM
52617,49184,180,48487,559,52114,724,47014,459,461,878,52111,1117,1158,306,50773,904,52434,MEDIUM
180,43228,48487,559,724,41323,459,47014,461,45338,878,456,1117,41217,1158,306,50773,904,MEDIUM
48034,180,49066,754,281,1073,47071,50383,461,45531,50774,49049,268,999,47693,904,MEDIUM
49184,365,180,43228,48487,559,667,41323,573,47014,461,45531,791,41217,1158,50386,306,904,630,MEDIUM
52112,52617,52606,180,365,52114,906,52603,878,456,52111,1117,48199,1158,306,50773,904,MEDIUM
180,43228,48487,559,724,41323,47014,459,461,45338,878,456,1117,1158,306,50773,904,630,MEDIUM
41247,41418,49018,48487,559,724,41323,757,46461,459,47014,45265,49494,1117,41217,48158,45707,MEDIUM
52112,52606,365,180,559,52114,667,749,47014,52111,51380,1117,48199,1158,306,904,630,MEDIUM
52617,180,48487,559,52114,724,667,47014,459,461,878,456,52111,1117,1158,306,50773,904,52434,MEDIUM
49184,180,365,43228,48487,559,667,41323,573,47014,461,45531,791,1117,41217,1158,306,932,904,MEDIUM
48480,41222,196,365,415,724,648,667,46710,46403,41111,284,45531,41212,1158,43392,43463,45263,MEDIUM
52617,52112,52606,180,365,559,667,906,52603,878,456,52111,1117,48199,1158,306,50773,904,MEDIUM
52617,365,180,48487,559,724,53173,757,459,878,456,52111,1117,268,1158,306,50773,904,MEDIUM
49184,365,180,52114,667,51375,1029,749,573,461,997,52111,51380,1117,1158,306,904,630,MEDIUM
43237,49184,47924,180,48748,50443,41259,667,41323,461,45531,49361,45195,1158,48478,904,763,MEDIUM
48886,41247,49502,49184,48487,559,724,41323,757,47014,459,290,45265,1117,41217,48158,49356,45707,MEDIUM
180,43228,48487,559,724,667,47014,459,461,45338,878,456,1117,1158,306,50773,904,MEDIUM
52617,52112,180,365,49066,559,52114,724,47071,50774,52603,878,52111,1117,48199,306,50773,904,MEDIUM
180,43228,48487,559,724,41323,459,47014,461,45531,45338,878,456,41217,1158,306,50773,904,MEDIUM
180,43228,48487,559,724,667,41323,47014,461,45338,878,456,268,1158,306,50773,904,MEDIUM
49184,365,180,43228,48487,559,667,41323,573,47014,461,45531,791,1117,41217,1158,306,904,MEDIUM
43237,45287,49184,47924,180,48748,45936,42560,46656,461,49361,45195,48478,1158,42818,904,41286,MEDIUM
180,43228,48487,559,724,41323,47014,459,461,45338,878,456,1117,41217,1158,306,50773,904,MEDIUM
52617,52112,52606,49184,180,48487,559,52114,52603,878,456,52111,51380,48199,1158,306,50773,904,MEDIUM
52617,52112,52606,180,365,559,52114,906,52603,878,456,52111,1117,48199,1158,306,50773,904,MEDIUM
52112,52264,52606,180,754,559,724,667,757,47014,461,52603,1117,48199,52935,306,904,MEDIUM
52617,180,365,48487,52114,559,724,459,47014,461,997,878,456,52111,1117,1158,306,50773,904,MEDIUM
180,48487,559,724,667,41323,459,47014,461,45338,878,791,456,1117,1158,306,50773,904,MEDIUM
49184,180,365,47625,559,52114,667,906,749,461,791,52111,1117,51380,1158,306,932,904,MEDIUM
180,48487,559,724,41323,459,47014,461,45338,878,456,791,1117,1158,306,50773,904,MEDIUM
365,180,43228,48487,559,667,41323,573,47014,461,45531,791,1117,268,41217,1158,306,932,904,MEDIUM
52617,52112,52606,180,365,559,52114,906,52603,878,456,52111,51380,1117,48199,1158,306,50773,904,MEDIUM
52617,180,365,48487,559,52114,724,47014,459,461,878,456,52111,1117,1158,306,50773,904,52434,MEDIUM
52617,52112,52606,365,180,559,52114,906,52603,878,456,52111,1117,48199,1158,306,50773,904,MEDIUM
52112,52264,52606,180,50766,47211,47594,667,47799,459,48585,52603,456,1117,48199,1158,50773,MEDIUM
52617,52112,52606,180,365,52114,559,461,52603,878,456,52111,1117,48199,1158,306,50773,904,MEDIUM
52112,52617,52606,180,365,52114,559,906,52603,878,52111,1117,51380,48199,1158,306,50773,904,MEDIUM
43237,45287,49184,47924,180,48748,45936,42560,749,46656,461,49361,45195,48478,1158,42818,904,41286,MEDIUM
52112,52617,52606,180,365,559,906,461,52603,878,456,52111,1117,48199,1158,306,50773,904,MEDIUM
52112,52264,52606,47599,180,50766,47211,47594,667,47799,459,48585,52603,456,1117,48199,1158,50773,MEDIUM
52112,52617,52606,365,180,52114,559,878,456,52111,51380,1117,48199,1158,306,50773,904,MEDIUM
180,365,43228,48487,559,724,41323,459,47014,461,45338,878,456,41217,1158,306,50773,904,MEDIUM
180,48034,50766,43228,49066,42327,47071,50383,461,45531,50774,50779,49838,1158,999,47693,904,MEDIUM
46102,41418,49184,180,365,49066,281,559,41323,47014,47071,45531,50774,45340,1117,41217,42395,42818,41683,MEDIUM
43237,45287,49184,47924,180,48748,45936,42560,46656,461,49361,45195,41289,48478,1158,42818,904,41286,MEDIUM
43237,45287,49184,47924,180,50392,48748,45936,42560,46656,461,49361,45195,1158,48478,42818,904,MEDIUM
49184,180,365,43228,48487,559,667,41323,573,47014,461,45531,791,41217,1158,50386,306,932,904,MEDIUM
52112,52617,49184,180,365,48487,559,52114,906,47014,461,878,456,52111,51380,1158,306,50773,904,MEDIUM
52617,52112,179,52606,365,180,52114,559,878,456,791,52111,48199,1158,306,50773,904,MEDIUM
49184,365,180,43228,48487,559,667,41323,573,47014,461,45531,1117,268,41217,1158,306,904,MEDIUM
180,43228,48487,559,724,667,41323,459,47014,461,45338,878,456,1117,1158,306,50773,904,MEDIUM
48886,41247,49184,48487,559,724,41323,757,47014,459,290,45265,1117,48199,41217,48158,49356,45707,MEDIUM
179,52617,52112,52606,365,180,559,52114,461,878,791,52111,48199,1158,306,50773,904,MEDIUM
49184,365,180,43228,48487,559,667,41323,573,47014,461,45531,791,1117,41217,1158,306,904,630,MEDIUM
52617,52112,52606,180,365,559,52114,667,906,878,52111,1117,51380,48199,1158,306,50773,904,MEDIUM
41418,180,43228,48487,559,724,41323,47014,459,461,45338,878,456,1117,1158,306,50773,904,MEDIUM
41247,41418,49018,48487,559,724,41323,757,41111,459,47014,41928,42442,45265,456,1117,41217,48158,45707,MEDIUM
52617,52112,52606,180,48487,559,52114,906,461,52603,878,456,52111,1117,48199,1158,306,50773,904,MEDIUM
52617,52112,180,365,48487,52114,559,667,459,461,997,878,456,52111,1117,1158,306,50773,904,52434,MEDIUM
52617,52112,52606,180,48487,52114,906,461,52603,878,456,52111,48199,1158,306,50773,904,52434,MEDIUM
48034,180,49066,281,754,1073,47071,50383,461,50774,49049,878,268,999,42818,47693,904,MEDIUM
51827,365,180,559,52114,667,906,1029,749,461,52111,1117,51380,52307,1158,306,904,630,MEDIUM
49184,365,180,52114,667,51375,1029,749,573,461,997,791,52111,1117,51380,1158,306,904,630,MEDIUM
52617,180,365,48487,559,52114,724,667,906,459,878,456,52111,51380,1117,1158,306,50773,904,MEDIUM
365,180,49066,43228,559,41323,757,47014,47071,50774,45265,45340,1117,41217,42818,48159,49843,45707,MEDIUM
43237,45287,49184,47924,180,48748,45936,667,46656,461,49361,45195,48478,1158,42818,904,41286,MEDIUM
52112,52617,52606,180,365,559,906,48585,52603,878,52111,1117,48199,1158,306,50773,904,MEDIUM
52112,52617,52606,180,365,48487,52114,906,461,52603,878,456,52111,48199,1158,306,50773,904,52434,MEDIUM
420,49184,180,43228,48487,559,724,459,47014,461,45195,878,456,48478,1158,306,50773,904,MEDIUM
52264,52112,52606,180,50766,47211,47594,667,47799,459,48585,52603,456,1117,48199,1158,50773,MEDIUM
43237,45287,49184,47924,180,48748,45936,50766,46656,461,49361,45195,48478,1158,42818,904,41286,MEDIUM
49502,49184,180,49066,559,47014,47071,461,49361,50774,680,878,456,1117,48478,50773,904,LOW
52112,180,50766,49066,724,667,47071,47014,50383,50774,680,456,50779,1117,1158,999,306,904,LOW
49184,180,365,52114,667,51375,1029,749,573,461,997,791,52111,51380,1117,1158,306,904,630,LOW
52112,52606,180,365,48487,559,52114,724,667,906,47014,461,52603,52111,1117,48199,1158,306,904,LOW
52112,52617,52606,180,365,559,52114,906,461,878,456,52111,1117,48199,1158,306,50773,904,LOW
45930,45287,47924,180,48748,45936,42560,46296,46656,49361,47298,45195,41289,48478,1158,49279,42818,LOW
46087,47599,49184,365,180,41323,49972,47014,47343,45531,45265,50775,45340,1117,41217,42395,42818,51136,45263,LOW
52112,52617,52606,180,365,559,52114,906,52603,878,52111,1117,51380,48199,1158,50773,904,LOW
52112,52617,52606,365,180,559,52114,906,461,878,456,52111,1117,48199,1158,306,50773,904,LOW
180,43228,48487,559,724,667,41323,459,47014,461,45338,878,456,41217,1158,306,50773,904,LOW
49184,180,43228,48487,48040,559,667,41323,47014,461,45531,1117,41217,1158,306,904,630,49269,LOW
52112,52264,52617,52606,180,559,52114,724,912,47014,53218,51380,1117,48199,1158,306,50773,904,LOW
52264,52112,52606,51827,180,48487,559,667,1029,47014,461,1117,48199,52307,1158,306,904,630,LOW
41247,41418,49018,48487,559,724,41323,757,46461,459,47014,42442,45265,49494,1117,41217,48158,45707,LOW
52617,180,365,48487,559,724,906,47014,459,878,456,52111,1117,1158,306,50773,904,630,52434,LOW
43237,48034,180,42801,48487,47035,559,724,459,47014,461,48585,878,456,41217,1158,306,50773,904,LOW
41418,49184,180,365,43228,49066,559,41323,49972,47071,45531,50774,680,45265,45340,1117,41217,306,LOW
52112,49184,51827,180,52114,667,906,749,461,710,52111,1117,52307,1158,436,306,904,630,LOW
41418,180,365,42780,49066,43228,559,41323,47014,47071,41928,50774,456,45340,41217,306,41683,49843,LOW
52617,365,180,48487,559,52114,667,49972,749,47343,461,52111,1117,51380,1158,306,904,52434,LOW
52112,52617,52606,180,365,48487,559,906,47014,52603,878,456,1117,48199,1158,306,50773,904,LOW
43237,49184,48034,180,42801,48487,47035,559,459,47014,461,48585,878,456,41217,1158,306,50773,904,LOW
41418,49184,180,365,559,724,41323,49972,47014,47343,45531,45265,45340,1117,41217,42395,306,51136,LOW
49184,180,365,50766,52114,667,51375,906,1029,749,461,997,52111,1117,51380,1158,306,904,630,LOW
43237,45287,49184,47924,180,50392,48748,45936,667,46656,461,49361,45195,48478,1158,42818,904,41286,LOW
47599,49184,365,180,43228,41323,49972,47014,47343,45531,45265,50775,45340,1117,41217,42395,42818,45263,LOW
52617,52112,52606,365,180,48487,559,906,52603,878,456,52111,1117,48199,1158,306,50773,904,LOW
49184,180,365,559,52114,667,51375,1029,749,573,461,997,791,52111,1117,51380,1158,306,904,630,LOW
49184,180,365,52114,667,51375,906,1029,749,573,461,997,791,52111,51380,1117,1158,306,904,630,LOW
48480,41222,196,365,415,724,648,667,46403,46710,41111,284,461,45531,41212,1158,43392,43463,45263,LOW
43237,196,45535,180,48748,45936,41207,42560,667,749,573,461,45531,710,1158,48478,43392,436,904,LOW
43237,49184,47924,180,48748,41259,667,41323,461,45531,49361,45195,1158,48478,904,763,LOW
52264,52112,52606,180,754,559,724,667,757,47014,461,52603,49494,1117,48199,52935,904,LOW
49184,180,365,559,724,41323,49972,47014,47343,45531,45265,45340,1117,41217,42395,306,51136,45263,LOW
52617,52112,52606,180,559,52114,667,51375,461,878,456,52111,1117,48199,1158,306,50773,904,52870,LOW
52112,52264,52606,180,754,724,667,757,47014,461,52603,49494,1117,48199,52935,904,LOW
52112,52617,52606,365,180,52114,559,906,52603,878,456,52111,1117,48199,1158,50773,904,LOW
180,365,43228,48487,559,667,41323,573,47014,461,45531,1117,41217,1158,306,932,904,LOW
52112,52264,52606,180,50766,47211,47594,48040,667,47799,459,48585,52603,456,1117,48199,1158,50773,LOW
180,43228,48487,559,724,41323,47014,459,461,45195,878,456,1158,48478,306,50773,904,LOW
1037,180,42780,50766,50408,281,42439,609,50383,268,47241,999,42395,42818,47693,904,LOW
49184,365,180,43228,48487,48040,559,667,41323,573,47014,461,45531,41217,1158,306,904,630,49269,LOW
49184,180,365,43228,48040,559,667,41323,573,47014,461,45531,41217,1158,306,904,630,49269,LOW
43237,45529,196,180,48748,45936,41207,42560,667,573,461,45531,710,1158,43392,48478,436,904,LOW
47599,49184,180,365,47211,42011,41323,49972,47343,45531,45265,45340,1117,48199,41217,42395,42818,45263,LOW
46102,48480,41222,196,49184,365,415,724,667,46710,46403,41111,284,45531,43392,1158,43463,45263,LOW
41222,196,49184,365,415,724,648,667,46403,46710,41111,284,45531,41212,1158,43392,43463,45263,LOW
52617,52112,196,180,49066,52114,559,1064,51375,461,50774,878,52111,1117,1158,306,50773,904,LOW
49184,180,365,52114,667,51375,906,1029,749,573,47014,461,997,52111,1117,51380,1158,306,904,630,LOW
46087,47599,49184,180,365,48753,41323,49972,47014,47343,45531,45265,45340,1117,41217,42395,42818,45263,LOW
49184,180,47211,43228,48040,667,41323,47014,461,45531,1117,41217,43392,1158,932,904,630,LOW
43237,45529,196,45535,180,48748,45936,41207,42560,667,573,461,45531,710,1158,48478,43392,436,904,LOW
52112,52606,48487,47594,559,48040,724,47014,459,461,52603,878,456,48199,1158,50773,904,LOW
52617,52264,52112,52606,180,559,724,47014,52603,878,456,50749,1117,48199,1158,306,50773,904,LOW
43237,196,45535,180,48748,45936,41207,42560,667,573,461,45531,710,48478,43392,1158,436,904,LOW
43237,45529,196,45535,180,48748,45936,41207,667,749,573,461,45531,710,48478,43392,1158,436,904,LOW
52112,52264,52606,51827,180,50766,47211,47594,48040,459,461,48585,52603,48199,1158,50773,904,LOW
43237,196,49184,180,50766,47211,47594,42011,48040,667,459,461,45531,1117,48199,1158,43392,630,LOW
52112,52606,51827,180,365,48487,48040,559,52616,1029,47014,52603,1117,48199,1158,306,630,443,LOW
43237,196,180,50766,47211,43228,47594,42011,48040,667,459,461,45531,456,1117,48199,41217,1158,43392,630,LOW
43237,196,180,48748,50766,45936,41207,42560,667,573,461,45531,710,1158,48478,436,904,LOW
43237,196,45535,180,48748,45936,41207,42560,667,749,573,461,45531,710,43392,48478,1158,436,904,LOW
196,45535,180,48748,45936,41207,42560,667,573,461,45531,710,43392,1158,48478,436,904,LOW
43237,196,45535,180,48748,45936,41207,42560,667,573,461,45531,710,48478,1158,436,904,LOW
52112,52264,52606,196,180,50766,47211,47594,48040,459,461,52603,456,1117,48199,1158,50773,932,630,LOW
49184,180,365,52114,667,51375,906,1029,749,573,461,997,791,52111,51380,1117,1158,306,904,630,LOW
52112,52606,51827,180,47594,48040,52616,667,749,459,52295,461,52603,48199,1158,932,904,LOW
43237,196,45535,180,48748,45936,41207,667,749,573,461,45531,710,48478,1158,43392,436,904,630,LOW
180,47211,43228,48487,42011,48040,667,41323,47014,461,1117,48199,41217,1158,306,904,630,LOW
48480,41222,196,49184,365,415,724,648,667,46403,46710,41111,284,45531,41212,43392,1158,43463,45263,LOW
52112,52606,180,365,52679,52114,667,49972,749,52111,51380,1117,48199,1158,306,52413,904,630,LOW
52112,52264,52606,365,180,50766,47211,47594,48040,459,461,48585,52603,456,48199,1158,50773,630,LOW
43237,45529,196,45535,180,48748,45936,41207,42560,667,573,461,45531,710,48478,1158,436,904,LOW
43237,196,49184,180,47211,43228,47594,42011,48040,667,459,461,45531,456,1117,48199,41217,1158,43392,630,LOW
43237,196,45535,180,48748,45936,41207,42560,667,573,461,45531,710,48478,1158,43392,436,904,LOW
196,45535,180,48748,45936,41207,42560,667,573,461,45531,710,1158,48478,436,904,630,LOW
43237,196,180,50766,47211,47594,42011,48040,667,459,461,45531,1117,48199,1158,43392,630,LOW
43237,196,49184,180,50766,47211,43228,47594,42011,48040,667,459,461,45531,456,1117,48199,41217,43392,1158,630,LOW
52112,52606,49184,365,180,47625,559,52114,667,51375,461,791,52111,51380,48199,1158,306,932,904,LOW
52112,52264,52606,180,50766,47211,47594,48040,459,461,48585,52603,456,48199,1158,50773,630,LOW
43237,196,49184,48034,180,47594,42011,48040,667,459,461,45531,456,48199,1158,43392,630,LOW
43237,196,48034,180,47211,47594,42011,48040,667,459,461,45531,456,48199,1158,43392,630,LOW
43237,196,49184,180,47211,43228,47594,42011,48040,667,459,461,45531,1117,48199,41217,1158,43392,630,LOW
43237,196,49184,180,47211,43228,47594,42011,48040,667,459,461,45531,456,1117,48199,41217,1158,43392,630,LOW
52112,196,49184,180,365,52679,50766,52114,667,49972,51375,461,52111,1117,51380,1158,306,904,LOW
43237,196,180,50766,47211,47594,42011,48040,667,459,461,45531,1117,48199,41217,43392,1158,630,LOW
52112,52264,52606,49184,52679,47211,47594,48040,724,52616,459,52603,878,456,48199,1158,50773,630,LOW
43237,196,180,50766,47211,47594,42011,48040,667,459,461,45531,456,1117,48199,1158,43392,630,LOW
48480,41222,196,365,415,724,648,667,46710,46403,41111,284,45531,41212,1158,43392,43463,45263,LOW
52617,52112,48480,49184,365,180,49066,559,52114,47014,50774,680,878,52111,50773,52278,904,LOW
43237,196,49184,180,47211,47594,42011,48040,667,52438,459,461,45531,456,48199,41217,43392,1158,630,LOW
52112,52606,196,50766,47211,48487,47594,48040,52616,51375,459,48585,52603,456,48199,1158,50773,630,LOW
43237,196,180,50766,47211,43228,47594,42011,48040,667,459,461,45531,1117,48199,43392,1158,630,LOW
43237,196,49184,180,48034,47594,42011,48040,667,459,461,45531,456,48199,41217,1158,43392,630,LOW
43237,196,48034,180,50766,47211,47594,42011,48040,667,459,461,45531,1117,48199,43392,1158,630,LOW
43237,196,48034,180,47211,47594,42011,48040,459,461,45531,48585,456,48199,1158,43392,630,LOW
43237,196,49184,48034,180,47211,47594,42011,48040,667,459,461,45531,456,48199,41217,43392,1158,630,LOW
51827,180,50766,52954,52114,667,51375,573,461,52111,51380,52307,1158,306,904,52418,630,LOW
49184,365,180,47625,52114,667,51375,906,749,573,284,461,52111,1117,51380,1158,306,932,904,LOW
43237,180,47211,43228,47594,42011,48040,667,459,461,45531,1117,48199,1158,43392,932,630,LOW
52112,196,138,49184,180,52114,667,51375,906,749,573,251,52111,1117,51380,1158,46897,904,630,LOW
43237,196,49184,180,50766,47594,42011,48040,667,749,459,461,45531,456,48199,1158,43392,630,LOW
43237,196,180,50766,47211,47594,42011,48040,667,459,461,45531,1117,48199,1158,43392,630,LOW
43237,196,49184,180,50766,47211,43228,47594,42011,48040,667,459,461,45531,1117,1158,43392,932,LOW
52617,52112,52606,365,180,47211,47594,48040,52114,52616,667,49972,52603,52111,51380,48199,1158,306,904,LOW
43237,196,49184,180,50766,47211,43228,47594,42011,48040,667,459,461,45531,1117,1158,43392,932,630,LOW
52112,52264,52606,196,180,47211,47594,52114,48040,51375,52438,459,52603,52111,48199,1158,50773,630,49269,LOW
52112,52606,47599,180,365,47594,52114,49972,47071,52603,50775,456,52111,49494,51380,1117,48199,306,50773,52413,LOW
48480,196,49184,365,180,667,49972,46403,573,461,45531,1158,43392,45520,904,630,48471,LOW
52112,52264,52606,365,180,50766,47211,47594,48040,51375,52438,459,52603,456,48199,1158,50773,932,630,LOW
52112,52606,365,180,47211,47594,48040,51375,906,459,461,52603,52111,48199,1158,50773,630,LOW
52112,52606,49184,365,180,50766,47211,48040,667,51375,749,52603,1117,48199,1158,306,904,630,52288,LOW
52112,52264,52606,47599,180,50766,47211,48487,48040,52616,667,51375,757,52603,1117,48199,1158,306,904,LOW
52112,52264,52606,196,180,47211,47594,48040,52616,667,459,461,52603,1117,48199,1158,630,LOW
43237,196,49184,180,50766,47211,43228,47594,42011,48040,667,459,47014,461,45531,456,1117,48199,41217,1158,43392,630,LOW
48480,49184,365,180,52679,50766,52954,52114,667,51375,284,461,251,47142,52111,51380,1117,1158,52413,LOW
43237,196,180,50766,47211,47594,42011,48040,667,459,461,456,1117,48199,1158,43392,630,LOW
48480,41418,196,49184,365,180,667,41323,49972,749,573,461,45531,41217,1158,630,48471,LOW
52264,52606,49184,180,47211,47594,48040,667,51375,459,52603,1117,48199,1158,932,630,LOW
52112,52264,52606,49184,52679,47211,48487,47594,48040,724,52616,667,459,52603,878,48199,1158,50773,630,LOW
52264,196,47211,48487,47594,42011,48040,667,459,461,45531,48585,878,456,1158,43392,50773,630,LOW
48480,196,365,180,345,47211,47594,42011,48040,667,459,461,48585,878,456,48199,1158,50773,904,630,LOW
48480,196,365,180,345,47211,1659,47594,42011,48040,667,459,461,48585,47142,878,48199,1158,50773,932,904,630,LOW
52112,52264,52606,49184,180,365,47211,47594,48040,52616,52438,459,52603,1117,48199,1158,49269,LOW
52617,196,49184,365,180,52679,50766,48487,52616,49972,51375,461,47142,52307,1158,52418,630,48471,47781,LOW
196,49184,365,180,52679,50766,48487,52616,667,51375,573,461,47142,1158,52413,904,630,47781,48471,LOW
52617,49184,51827,365,180,52679,48487,52114,52616,49972,51375,50775,52111,1158,630,52288,48471,47781,LOW
196,49184,180,345,50766,49018,48487,1659,52114,667,49972,51375,749,461,47557,51380,1117,52307,1158,932,630,LOW
52617,48480,196,49184,365,180,48487,52616,667,51375,573,461,878,456,1158,50773,630,48471,49269,LOW
